text_id,text_kr,text_en,text_vi,text_ms,text_pt,text_es,annotation
1,MysteryBox,MysteryBox,Hộp bí ẩn,Kotak Misteri,Caixa Misteriosa,Caja misteriosa,게임 타이틀
1000,Touch Start,Touch Start,Chạm vào Bắt đầu,Sentuh Mula,Toque em Iniciar,Toque Inicio,팝업 - 터치시작
5000,화면 터치를 통해 획득 가능,Obtainable by touching the screen,Có thể đạt được bằng cách chạm vào màn hình,Boleh didapati dengan menyentuh skrin,Pode ser obtido tocando na tela,Se puede obtener tocando la pantalla,아이템 등장 위치
5001,합성을 통해 획득 가능,Obtainable through mix,Có thể đạt được thông qua tổng hợp,Boleh didapati melalui sintesis,Pode ser obtido através da síntese,Obtenible a través de la síntesis,
1000000,안내,Notice,Hướng dẫn,Panduan,orientação,orientación,시스템 메시지
1000001,확인,OK,sự xác nhận,Pengesahan,confirmação,confirmación,
1000002,취소,Cancel,Hủy bỏ,Pembatalan,cancelamento,cancelación,
1000003,게임 이용 약관,Term and Conditions,Điều khoản sử dụng trò chơi,Syarat Penggunaan Permainan,Termos de Uso do Jogo,Condiciones de uso del juego,
1100000,계속하려면 화면을 터치해 주세요,Please touch to screen,Chạm vào màn hình để tiếp tục,Sentuh skrin untuk meneruskan,Toque na tela para continuar,Toca la pantalla para continuar,UI 텍스트
1100001,로그인 방법,Login with,Cách đăng nhập,Bagaimana untuk log masuk,Como fazer login,Cómo iniciar sesión,
1100002,구글 로그인,Login with Google,Đăng nhập bằng Google,Log Masuk Google,Login do Google,Inicio de sesión de Google,
1100003,게스트 로그인,Login with Guest,Đăng nhập của khách,Log Masuk Tetamu,Login de convidado,Inicio de sesión de invitado,
1100004,모두 선택,Select All,Chọn tất cả,Pilih Semua,Selecionar tudo,Seleccionar todo,
1100005,동의,Agree,đồng ý,Persetujuan,consentimento,consentimiento,
1100006,랭킹,Ranking,Xếp hạng,Kedudukan,Classificação,Clasificación,
1100007,인벤토리,Inventory,Kho,Inventori,Inventário,Inventario,
1100008,설정,Setting,khung cảnh,Seting,ambiente,ajuste,
1100009,세계,Global,thế giới,Dunia,mundo,mundo,
1100010,지역,Local,khu vực,Kawasan,área,área,
1100011,소리,Sound,âm thanh,Bunyi,som,sonido,
1100012,알림,Push,thông báo,Pengumuman,anúncio,anuncio,
1100013,계정,Account,tài khoản,Akaun,conta,cuenta,
1100014,언어,Language,Ngôn ngữ,Bahasa,Idioma,Idioma,
1100015,서비스 이용약관,Terms of service,Điều khoản dịch vụ,Syarat Perkhidmatan,Termos de Serviço,Términos de servicio,
1100016,개인정보 이용정책,Privacy policy,Chính sách bảo mật,Dasar Privasi,Política de privacidade,Política de privacidad,
1100017,ON,ON,TRÊN,PADA,EM,EN,
1100018,OFF,OFF,TẮT,MATI,DESLIGADO,APAGADO,
1100019,뒤로가기,Back,Lưng,Kembali,Voltar,Atrás,
1100020,확인,Confirm,sự xác nhận,Pengesahan,confirmação,confirmación,
1100021,한국어,ENGLISH,Tiếng Việt,Bahasa Melayu,Português,Español,
1100022,전세계,Worldwide,Trên toàn thế giới,Worldwide,Mundial,Mundial,
1100023,화면을 탭하면 시작.,Tap to Start.,Nhấn vào màn hình để bắt đầu.,Ketik pada skrin untuk memulakan.,Toque na tela para começar.,Toque la pantalla para comenzar.,
1100024,로그아웃,Logout,Đăng xuất,Log keluar,Saindo,Cierre de sesión,
1100025,화면을 탭 해주세요.,Tap to screen,Vui lòng nhấn vào màn hình.,Sila ketik pada skrin.,"Por favor, toque na tela.",Toque la pantalla.,
1100026,잠시만 기다려주세요.,Please wait…,Hãy chờ.,Sila tunggu.,Aguarde.,Espera.,
1100027,순위 없음,No Rank,Không có thứ hạng,Tiada Kedudukan,Sem classificações,Sin clasificaciones,
1100028,장착,Equip,Gắn,Pelekap,Montagem,Montura,
1100029,{0} of {1},{0} of {1},{0} của {1},{0} daripada {1},{0} de {1},{0} de {1},
1100030,휴식 시간,Break time,Giờ giải lao,Masa rehat,Tempo de pausa,Tiempo de descanso,
1100031,보상,Reward,thưởng,Ganjaran,recompensa,recompensa,
1100032,닉네임을 입력해주세요.(1~6 글자),Please enter your nickname(2~12 letters),Vui lòng nhập biệt hiệu của bạn. (1 ~ 6 ký tự),Sila masukkan nama panggilan anda. (1~6 aksara),"Por favor, digite seu apelido. (1 ~ 6 caracteres)","Por favor, introduzca su apodo. (1~6 caracteres)",
1100033,{0} 분,{0} m,{0} phút,{0} minit,{0} min,{0} minutos,
1100034,+{0}/분,+{0}/m,+{0} / phút,+{0}/min,+{0}/min,+{0}/min,
1100035,정말 로그아웃 하시겠습니까?,Are you sure you want to log out?,Bạn có chắc chắn muốn đăng xuất không?,Adakah anda pasti mahu log keluar?,Tem certeza de que deseja sair?,¿Estás seguro de que quieres cerrar la sesión?,
1100036,획득!,GET!,Mua lại!,Pengambilalihan!,Aquisição!,¡Adquisición!,
1100037,신규 포션!,NEW POTION!,Thuốc mới!,Ramuan Baru!,Nova Poção!,¡Nueva poción!,
2000000,기타,ETC,ghi-ta,Gitar,violão,guitarra,국가명
2000001,세계,Global,thế giới,Dunia,mundo,mundo,
2000002,가나,Ghana,Ghana,Ghana,Gana,Ghana,
2000003,가봉,Gabon,Gabon,Gabon,Gabão,Gabón,
2000004,가이아나,Guyana,Guyana,Guyana,Guiana,Guyana,
2000005,감비아,Gambia,Gambia,Gambia,Gâmbia,Gambia,
2000006,건지섬,Guernsey,Guernsey,Guernsey,Guernsey,Guernsey,
2000007,과들루프,Guadeloupe,Guadeloupe,Guadeloupe,Guadalupe,Guadalupe,
2000008,과테말라,Guatemala,Guatemala,Guatemala,Guatemala,Guatemala,
2000009,괌,Guam,Guam,Guam,Guam,Guam,
2000010,그레나다,Grenada,Grenada,Grenada,Granada,Granada,
2000011,그리스,Greece,Hy Lạp,Yunani,Grécia,Grecia,
2000012,그린란드,Greenland,Greenland,Greenland,Gronelândia,Groenlandia,
2000013,기니,Guinea,Guinea,Guinea,Guiné,Guinea,
2000014,기니비사우,Guinea-Bissau,Guinea-Bissau,Guinea-Bissau,Guiné-Bissau,Guinea-Bissau,
2000015,나미비아,Namibia,Namibia,Namibia,Namíbia,Namibia,
2000016,나우루,Nauru,Nauru,Nauru,Nauru,Nauru,
2000017,나이지리아,Nigeria,Nigeria,Nigeria,Nigéria,Nigeria,
2000018,남극,Antarctica,Nam Cực,Antartika,antártico,antártico,
2000019,남수단,South Sudan,Nam Sudan,Sudan Selatan,Sudão do Sul,Sudán del Sur,
2000020,남아프리카 공화국,South Africa,Nam Phi,Afrika Selatan,África do Sul,Sudáfrica,
2000021,네덜란드,Netherlands,Hà Lan,Belanda,Países Baixos,Países Bajos,
2000022,네팔,Nepal,Nepal,Nepal,Nepal,Nepal,
2000023,노르웨이,Norway,Na Uy,Norway,Noruega,Noruega,
2000024,노퍽섬,Norfolk Island,Đảo Norfolk,Pulau Norfolk,Ilha Norfolk,Isla Norfolk,
2000025,누벨칼레도니,New Caledonia,Nouvelle-Calédonie,Kaledonia Baru,Nova Caledónia,Nueva Caledonia,
2000026,뉴질랜드,New Zealand,New Zealand,New Zealand,Nova Zelândia,Nueva Zelanda,
2000027,니우에,Niue,Niue,Niue,Niue,Niue,
2000028,니제르,Niger,Niger,Niger,Níger,Níger,
2000029,니카라과,Nicaragua,Nicaragua,Nicaragua,Nicarágua,Nicaragua,
2000030,대한민국,South Korea,Đại Hàn Dân Quốc,Republik Korea,República da Coreia,República de Corea,
2000031,덴마크,Denmark,Đan Mạch,Denmark,Dinamarca,Dinamarca,
2000032,도미니카 공화국,Dominican Republic,Cộng hòa Dominica,Republik Dominika,República Dominicana,República Dominicana,
2000033,도미니카 연방,Dominica,Dominica,Dominika,Domínica,Dominica,
2000034,동티모르,Timor-Leste,Đông Timor,Timor Leste,Timor-Leste,Timor Oriental,
2000035,독일,Germany,Đức,Jerman,Alemanha,Alemania,
2000036,라오스,Laos,Lào,Laos,Laos,Laos,
2000037,라이베리아,Liberia,Liberia,Liberia,Libéria,Liberia,
2000038,라트비아,Latvia,Latvia,Latvia,Letônia,Letonia,
2000039,러시아,Russia,Nga,Rusia,Rússia,Rusia,
2000040,레바논,Lebanon,Li-băng,Lubnan,Líbano,Líbano,
2000041,레소토,Lesotho,Lesotho,Lesotho,Lesoto,Lesotho,
2000042,레위니옹,Reunion,Reunion,Perjumpaan,Reunião,Reunión,
2000043,루마니아,Romania,Romania,Romania,Romênia,Rumania,
2000044,룩셈부르크,Luxembourg,Luxembourg,Luxembourg,Luxemburgo,Luxemburgo,
2000045,르완다,Rwanda,Rwanda,Rwanda,Ruanda,Ruanda,
2000046,리비아,Libya,Libya,Libya,Líbia,Libia,
2000047,리투아니아,Lithuania,Litva,Lithuania,Lituânia,Lituania,
2000048,리히텐슈타인,Lichtenstein,Liechtenstein,Liechtenstein,Liechtenstein,Liechtenstein,
2000049,마다가스카르,Madagascar,Madagascar,Madagascar,Madagáscar,Madagascar,
2000050,마르티니크,Martinique,Martinique,Martinik,Martinica,Martinica,
2000051,마셜 제도,Marshall Islands,Quần đảo Marshall,Kepulauan Marshall,Ilhas Marshall,Islas Marshall,
2000052,마요트,Mayotte,Mayotte,Mayotte,Mayotte,Mayotte,
2000053,마카오,Macao,Ma Cao,Macau,Macau,Macao,
2000054,말라위,Malawi,Malawi,Malawi,Malawi,Malawi,
2000055,말레이시아,Malaysia,Malaysia,Malaysia,Malásia,Malasia,
2000056,말리,Mali,Mali,Mali,Mali,Malí,
2000057,맨섬,Isle of Man,Đảo Man,Pulau Man,Ilha de Man,Isla de Man,
2000058,멕시코,Mexico,Mexico,Mexico,México,México,
2000059,모나코,Monaco,Công quốc Monaco,Kerajaan Monaco,Principado de Mônaco,Principado de Mónaco,
2000060,모로코,Morocco,Maroc,Maghribi,Marrocos,Marruecos,
2000061,모리셔스,Mauritius,Mauritius,Mauritius,Maurícia,Mauricio,
2000062,모리타니,Mauritania,Mauritanie,Mauritania,Mauritânia,Mauritania,
2000063,모잠비크,Mozambique,Mozambique,Mozambique,Moçambique,Mozambique,
2000064,몬테네그로,Montenegro,Montenegro,Montenegro,Montenegro,Montenegro,
2000065,몬트세랫,Montserrat,Montserrat,Montserrat,Montserrat,Montserrat,
2000066,몰도바,Moldova,Moldova,Moldova,Moldávia,Moldavia,
2000067,몰디브,Maldives,Maldives,Maldives,Maldivas,Maldivas,
2000068,몰타,Malta,Malta,Malta,Malta,Malta,
2000069,몽골,Mongolia,Mông Cổ,Mongolia,Mongólia,Mongolia,
2000070,미국,United States,Hoa Kỳ,Amerika Syarikat,Estados Unidos,Estados Unidos,
2000071,미국령 군소 제도,US Minor Outlying Islands,Quần đảo Tiểu Hoa Kỳ,Kepulauan Kecil A.S.,Ilhas Menores dos EUA,Islas menores de EE. UU.,
2000072,미국령 버진아일랜드,US Virgin Islands,Quần đảo Virgin thuộc Hoa Kỳ,Kepulauan Virgin AS,Ilhas Virgens Americanas,Islas Vírgenes de EE. UU.,
2000073,미얀마,Myanmar,Myanma,Myanmar,Myanmar,Myanmar,
2000074,미크로네시아 연방,Federated States of Micronesia,Liên bang Micronesia,Negara Bersekutu Mikronesia,Estados Federados da Micronésia,Estados Federados de Micronesia,
2000075,바누아투,Vanuatu,Vanuatu,Vanuatu,Vanuatu,Vanuatu,
2000076,바레인,Bahrain,Bahrain,Bahrain,Bahrein,Bahrein,
2000077,바베이도스,Barbados,Barbados,Barbados,Barbados,Barbados,
2000078,바티칸 시국,Vatican City,Thành Vatican,Bandar Vatikan,Cidade do Vaticano,Ciudad del Vaticano,
2000079,바하마,Bahamas,Bahamas,Bahamas,Bahamas,Bahamas,
2000080,방글라데시,Bangladesh,Bangladesh,Bangladesh,Bangladesh,Bangladesh,
2000081,버뮤다,Bermuda,Bermuda,Bermuda,Bermudas,Bermudas,
2000082,베냉,Benin,Bénin,Benin,Benim,Benin,
2000083,베네수엘라,Venezuela,Venezuela,Venezuela,Venezuela,Venezuela,
2000084,베트남,Vietnam,Việt Nam,Vietnam,Vietname,Vietnam,
2000085,벨기에,Belgium,Bỉ,Belgium,Bélgica,Bélgica,
2000086,벨라루스,Belarus,Belarus,Belarus,Belarus,Bielorrusia,
2000087,벨리즈,Belize,Belize,Belize,Belize,Belice,
2000088,보네르섬,Bonaire Island,Bonaire,Bonaire,Bonaire,Bonaire,
2000089,보스니아 헤르체고비나,Bosnia and Herzegovina,Bosna và Hercegovina,Bosnia dan Herzegovina,Bósnia e Herzegovina,Bosnia-Herzegovina,
2000090,보츠와나,Botswana,Botswana,Botswana,Botsuana,Botswana,
2000091,볼리비아,Bolivia,Bolivia,Bolivia,Bolívia,Bolivia,
2000092,부룬디,Burundi,Burundi,Burundi,Burundi,Burundi,
2000093,부르키나파소,Burkina Faso,Burkina Faso,Burkina Faso,Burquina Faso,Burkina Faso,
2000094,부베섬,Bouvet Island,Đảo Bouvet,Pulau Bouvet,Ilha Bouvet,Isla Bouvet,
2000095,부탄,Bhutan,Bhutan,Bhutan,Butão,Bhután,
2000096,북마리아나 제도,Northern Mariana Islands,Quần đảo Bắc Mariana,Kepulauan Mariana Utara,Ilhas Marianas do Norte,Islas Marianas del Norte,
2000097,북마케도니아,Macedonia,Bắc Macedonia,Macedonia Utara,Macedónia do Norte,Macedonia del Norte,
2000098,불가리아,Bulgaria,Bulgaria,Bulgaria,Bulgária,Bulgaria,
2000099,브라질,Brazil,Brasil,Brazil,Brasil,Brasil,
2000100,브루나이,Brunei Darussalam,Brunei Darussalam,Brunei Darussalam,Brunei Darussalam,Brunei Darussalam,
2000101,사모아,Samoa,Samoa,Samoa,Samoa,Samoa,
2000102,사우디아라비아,Saudi Arabia,Ả Rập Xê Út,Arab Saudi,Arábia Saudita,Arabia Saudí,
2000103,사우스조지아 사우스샌드위치 제도,South Georgia and the South Sandwich Islands,Quần đảo Nam Georgia và Nam Sandwich,Georgia Selatan dan Kepulauan Sandwich Selatan,Ilhas Geórgia do Sul e Sandwich do Sul,Islas Georgias del Sur y Sandwich del Sur,
2000104,산마리노,San Marino,San Marino,San Marino,San Marino,San Marino,
2000105,상투메 프린시페,Sao Tome and Principe,São Tomé và Príncipe,São Tomé dan Príncipe,São Tomé e Príncipe,Santo Tomé y Príncipe,
2000106,생마르탱,Saint Martin,Saint-Martin,Saint-Martin,Saint-Martin,San Martín,
2000107,생바르텔레미,Saint Barthelemy,Thánh Barthelemy,St. Barthelemy,São Bartolomeu,San Bartolomé,
2000108,생피에르 미클롱,Saint Pierre and Miquelon,Saint-Pierre-Miquelon,Saint-Pierre-Miquelon,Saint-Pierre-Miquelon,San Pedro Miquelón,
2000109,서사하라,Western Sahara,Tây Sahara,Sahara Barat,Saara Ocidental,Sáhara Occidental,
2000110,세네갈,Senegal,Sénégal,Senegal,Senegal,Senegal,
2000111,세르비아,Serbia,Serbia,Serbia,Sérvia e Montenegro,Serbia,
2000112,세이셸,Seychelles,Seychelles,Seychelles,Seicheles,Seychelles,
2000113,세인트루시아,Saint Lucia,Saint Lucia,Saint Lucia,Santa Lúcia,Santa Lucía,
2000114,세인트빈센트 그레나딘,Saint Vincent and the Grenadines,Saint Vincent và Grenadines,Saint Vincent dan Grenadines,São Vicente e Granadinas,San Vicente y las Granadinas,
2000115,세인트키츠 네비스,Saint Kitts and Nevis,Saint Kitts và Nevis,Saint Kitts dan Nevis,São Cristóvão e Nevis,San Cristóbal y Nieves,
2000116,세인트헬레나,Saint Helena,Thánh Helena,Saint Helena,Santa Helena,Santa Elena,
2000117,소말리아,Somalia,Somalia,Somalia,Somália,Somalia,
2000118,솔로몬 제도,Solomon Islands,Quần đảo Solomon,Kepulauan Solomon,Ilhas Salomão,Islas Salomón,
2000119,수단,Sudan,Sudan,Sudan,Sudão,Sudán,
2000120,수리남,Suriname,Suriname,Suriname,Suriname,Suriname,
2000121,스리랑카,Sri Lanka,Sri Lanka,Sri Lanka,Sri Lanka,Sri Lanka,
2000122,스발바르 얀마옌 제도,Svalbard and Jan Mayen,Svalbard và Jan Mayen,Svalbard dan Jan Mayen,Svalbard e Jan Mayen,Svalbard y Jan Mayen,
2000123,스웨덴,Sweden,Thụy Điển,Sweden,Suécia,Suecia,
2000124,스위스,Switzerland,Thụy Sĩ,Switzerland,Suíça,Suiza,
2000125,스페인,Spain,Tây Ban Nha,Sepanyol,Espanha,España,
2000126,슬로바키아,Slovakia,Slovakia,Slovakia,Eslováquia,Eslovaquia,
2000127,슬로베니아,Slovenia,Slovenia,Slovenia,Eslovênia,Eslovenia,
2000128,시리아,Syria,Syria,Syria,Síria,Siria,
2000129,시에라리온,Sierra Leone,Sierra Leone,Sierra Leone,Serra Leoa,Sierra Leona,
2000130,신트마르턴,Sint Maarten,Sint Maarten,Sint Maarten,São Martinho,Sint Maarten,
2000131,싱가포르,Singapore,Singapore,Singapura,Cingapura,Singapur,
2000132,아랍에미리트,United Arab Emirates,UAE,UAE,EAU,UAE,
2000133,아루바,Aruba,Aruba,Aruba,Aruba,Aruba,
2000134,아르메니아,Armenia,Armenia,Armenia,Armênia,Armenia,
2000135,아르헨티나,Argentina,Argentina,Argentina,Argentina,Argentina,
2000136,아메리칸사모아,American Samoa,Samoa thuộc Mỹ,Samoa Amerika,Samoa Americana,Samoa Americana,
2000137,아이슬란드,Iceland,Iceland,Iceland,Islândia,Islandia,
2000138,아이티,Haiti,Haiti,Haiti,Haiti,Haití,
2000139,아일랜드,Ireland,Ireland,Ireland,Irlanda,Irlanda,
2000140,아제르바이잔,Azerbaijan,Azerbaijan,Azerbaijan,Azerbaijão,Azerbaiyán,
2000141,아프가니스탄,Afghanistan,Afghanistan,Afghanistan,Afeganistão,Afganistán,
2000142,안도라,Andorra,Andorra,Andorra,Andorra,Andorra,
2000143,알바니아,Albania,Albania,Albania,Albânia,Albania,
2000144,알제리,Algeria,Algérie,Algeria,Argélia,Argelia,
2000145,앙골라,Angola,Angola,Angola,Angola,Angola,
2000146,앤티가 바부다,Antigua and Barbuda,Antigua và Barbuda,Antigua dan Barbuda,Antígua e Barbuda,Antigua y Barbuda,
2000147,앵귈라,Anguilla,Anguilla,Anguilla,Anguilla,Anguila,
2000148,에리트레아,Eritrea,Eritrea,Eritrea,Eritreia,Eritrea,
2000149,에스와티니,Eswatini,Tiếng Eswatini,Eswatini,Essuatíni,Esuatini,
2000150,에스토니아,Estonia,Estonia,Estonia,Estônia,Estonia,
2000151,에콰도르,Ecuador,Ecuador,Ecuador,Equador,Ecuador,
2000152,에티오피아,Ethiopia,Ethiopia,Ethiopia,Etiópia,Etiopía,
2000153,엘살바도르,El Salvador,El Salvador,El Salvador,El Salvador,El Salvador,
2000154,영국,United Kingdom,Vương quốc Anh,United Kingdom,Reino Unido,Reino Unido,
2000155,영국령 버진아일랜드,British Virgin Islands,Quần đảo Virgin thuộc Anh,Kepulauan Virgin British,Ilhas Virgens Britânicas,Islas Vírgenes Británicas,
2000156,영국령 인도양 지역,British Indian Ocean Territory,Lãnh thổ Ấn Độ Dương thuộc Anh,Wilayah Lautan Hindi British,Território Britânico do Oceano Índico,Territorio Británico del Océano Índico,
2000157,예멘,Yemen,Yemen,Yaman,Iêmen,Yemen,
2000158,오만,Oman,Oman,Oman,Omã,Omán,
2000159,오스트레일리아,Australia,Úc,Australia,Austrália,Australia,
2000160,오스트리아,Austria,Áo,Austria,Áustria,Austria,
2000161,온두라스,Honduras,Honduras,Honduras,Honduras,Honduras,
2000162,올란드 제도,Aland Islands,Quần đảo Åland,Kepulauan Åland,Ilhas Åland,Islas Åland,
2000163,왈리스 푸투나,Wallis and Futuna,Wallis và Futuna,Wallis dan Futuna,Wallis e Futuna,Wallis y Futuna,
2000164,요르단,Jordan,Jordan,Jordan,Jordânia,Jordania,
2000165,우간다,Uganda,Uganda,Uganda,Uganda,Uganda,
2000166,우루과이,Uruguay,Uruguay,Uruguay,Uruguai,Uruguay,
2000167,우즈베키스탄,Uzbekistan,Uzbekistan,Uzbekistan,Uzbequistão,Uzbekistán,
2000168,우크라이나,Ukraine,Ukraina,Ukraine,Ucrânia,Ucrania,
2000169,이라크,Iraq,Iraq,Iraq,Iraque,Irak,
2000170,이란,Iran,Iran,Iran,Irã,Irán,
2000171,이스라엘,Israel,Israel,Israel,Israel,Israel,
2000172,이집트,Egypt,Ai Cập,Mesir,Egito,Egipto,
2000173,이탈리아,Italy,Ý,Itali,Itália,Italia,
2000174,인도,India,Ấn Độ,India,Índia,India,
2000175,인도네시아,Indonesia,Indonesia,Indonesia,Indonésia,Indonesia,
2000176,일본,Japan,Nhật Bản,Jepun,Japão,Japón,
2000177,자메이카,Jamaica,Jamaica,Jamaica,Jamaica,Jamaica,
2000178,잠비아,Zambia,Zambia,Zambia,Zâmbia,Zambia,
2000179,저지섬,Jersey,Jersey,Jersi,Jersey,Jersey,
2000180,적도 기니,Equatorial Guinea,Guinea Xích Đạo,Guinea Khatulistiwa,Guiné Equatorial,Guinea Ecuatorial,
2000181,조선민주주의인민공화국,North Korea,Cộng hòa Dân chủ Nhân dân Triều Tiên,Republik Rakyat Demokratik Korea,República Popular Democrática da Coreia,República Popular Democrática de Corea,
2000182,조지아,Georgia,Gruzia,Georgia,Geórgia,Georgia,
2000183,중국,China,Cộng hòa Nhân dân Trung Hoa,Republik Rakyat China,República Popular da China,República Popular China,
2000184,중앙아프리카 공화국,Central African Republic,Cộng hòa Trung Phi,Republik Afrika Tengah,República Centro-Africana,República Centroafricana,
2000185,중화민국,Taiwan,Cộng hòa,Republik,República,República,
2000186,지부티,Djibouti,Djibouti,Djibouti,Djibuti,Yibuti,
2000187,지브롤터,Gibraltar,Gibraltar,Gibraltar,Gibraltar,Gibraltar,
2000188,짐바브웨,Zimbabwe,Zimbabwe,Zimbabwe,Zimbábue,Zimbabue,
2000189,차드,Chad,Tchad,Chad,Chade,Chad,
2000190,체코,Czech Republic,Cộng hòa Séc,Republik Czech,República Tcheca,República Checa,
2000191,칠레,Chile,Chile,Chile,Chile,Chile,
2000192,카메룬,Cameroon,Cameroon,Cameroon,Camarões,Camerún,
2000193,카보베르데,Cabo Verde,Cabo Verde,Tanjung Verde,Cabo Verde,Cabo Verde,
2000194,카자흐스탄,Kazakhstan,Kazakhstan,Kazakhstan,Cazaquistão,Kazajstán,
2000195,카타르,Qatar,Qatar,Qatar,Catar,Qatar,
2000196,캄보디아,Cambodia,Campuchia,Kemboja,Camboja,Camboya,
2000197,캐나다,Canada,Canada,Kanada,Canadá,Canadá,
2000198,케냐,Kenya,Kenya,Kenya,Quênia,Kenia,
2000199,케이맨 제도,Cayman Islands,Quần đảo Cayman,Kepulauan Cayman,Ilhas Cayman,Islas Caimán,
2000200,코모로,Comoros,Comoros,Comoros,Comores,Comoras,
2000201,코스타리카,Costa Rica,Costa Rica,Costa Rica,Costa Rica,Costa Rica,
2000202,코코스 제도,Cocos Islands,Quần đảo Cocos,Kepulauan Cocos,Ilhas Cocos,Islas del Coco,
2000203,코트디부아르,Cote d'Ivoire,Bờ Biển Ngà,Pantai Gading,Costa do Marfim,Costa de Marfil,
2000204,콜롬비아,Colombia,Colombia,Colombia,Colômbia,Colombia,
2000205,콩고 공화국,Congo,Cộng hòa Congo,Republik Congo,República do Congo,República del Congo,
2000206,콩고 민주 공화국,Democratic Republic of Congo,Cộng hòa Dân chủ Congo,Republik Demokratik Congo,República Democrática do Congo,República Democrática del Congo,
2000207,쿠바,Cuba,Cuba,Cuba,Cuba,Cuba,
2000208,쿠웨이트,Kuwait,Kuwait,Kuwait,Kuaite,Kuwait,
2000209,쿡 제도,Cook Islands,Quần đảo Cook,Kepulauan Cook,Ilhas Cook,Islas Cook,
2000210,퀴라소,Curacao,Curacao,Curacao,Curaçau,Curacao,
2000211,크로아티아,Croatia,Croatia,Croatia,Croácia,Croacia,
2000212,크리스마스섬,Christmas Island,Đảo Giáng sinh,Pulau Krismas,Ilha Christmas,Isla de Navidad,
2000213,키르기스스탄,Kyrgyzstan,Kyrgyzstan,Kyrgyzstan,Quirguistão,Kirguizistán,
2000214,키리바시,Kiribati,Kiribati,Kiribati,Kiribati,Kiribati,
2000215,키프로스,Cyprus,Síp,Cyprus,Chipre,Chipre,
2000216,타지키스탄,Tajikistan,Tajikistan,Tajikistan,Tajiquistão,Tayikistán,
2000217,탄자니아,Tanzania,Tanzania,Tanzania,Tanzânia,Tanzania,
2000218,태국,Thailand,Thái Lan,Thailand,Tailândia,Tailandia,
2000219,터크스 케이커스 제도,Turks and Caicos Islands,Quần đảo Turks và Caicos,Kepulauan Turks dan Caicos,Ilhas Turcas e Caicos,Islas Turcas y Caicos,
2000220,튀르키예,Türkiye,Türkiye,Turki,Türkiye,Turquía,
2000221,토고,Togo,Togo,Togo,Togo,Togo,
2000222,토켈라우,Tokelau,Tokelau,Tokelau,Tokelau,Tokelau,
2000223,통가,Tonga,Tonga,Tonga,Tonga,Tonga,
2000224,투르크메니스탄,Turkmenistan,Turkmenistan,Turkmenistan,Turquemenistão,Turkmenistán,
2000225,투발루,Tuvalu,Tuvalu,Tuvalu,Tuvalu,Tuvalu,
2000226,튀니지,Tunisia,Tunisia,Tunisia,Tunísia,Túnez,
2000227,트리니다드 토바고,Trinidad and Tobago,Trinidad và Tobago,Trinidad dan Tobago,Trinidad e Tobago,Trinidad y Tobago,
2000228,파나마,Panama,Panama,Panama,Panamá,Panamá,
2000229,파라과이,Paraguay,Paraguay,Paraguay,Paraguai,Paraguay,
2000230,파키스탄,Pakistan,Cộng hòa Hồi giáo Pakistan,Republik Islam Pakistan,República Islâmica do Paquistão,República Islámica de Pakistán,
2000231,파푸아뉴기니,Papua New Guinea,Papua New Guinea,Papua New Guinea,Papua-Nova Guiné,Papúa Nueva Guinea,
2000232,팔라우,Palau,Palau,Palau,Palau,Palau,
2000233,팔레스타인,Palestine,Palestine,Palestin,Palestina,Palestina,
2000234,페로 제도,Faroe Islands,Quần đảo Faroe,Kepulauan Faroe,Ilhas Faroés,Islas Faroe,
2000235,페루,Peru,Peru,Peru,Peru,Perú,
2000236,포르투갈,Portugal,Bồ Đào Nha,Portugal,Portugal,Portugal,
2000237,포클랜드 제도,Falkland Islands,Quần đảo Falkland,Kepulauan Falkland,Ilhas Falkland,Islas Malvinas,
2000238,폴란드,Poland,Ba Lan,Poland,Polônia,Polonia,
2000239,푸에르토리코,Puerto Rico,Puerto Rico,Puerto Rico,Porto Rico,Puerto Rico,
2000240,프랑스,France,Pháp,Perancis,França,Francia,
2000241,프랑스령 기아나,French Guiana,Guyane,Guiana Perancis,Guiana Francesa,Guayana Francesa,
2000242,프랑스령 남방 및 남극 지역,French Southern Territories,Lãnh thổ phía Nam và Nam Cực thuộc Pháp,Wilayah Selatan dan Antartika Perancis,Territórios Austrais e Antárticos Franceses,Territorios Australes y Antárticos Franceses,
2000243,프랑스령 폴리네시아,French Polynesia,Polynésie thuộc Pháp,Polinesia Perancis,Polinésia Francesa,Polinesia Francesa,
2000244,피지,Fiji,Fiji,Fiji,Fiji,Fiji,
2000245,핀란드,Finland,Phần Lan,Finland,Finlândia,Finlandia,
2000246,필리핀,Philippines,Cộng hòa Philippines,Republik Filipina,República das Filipinas,República de Filipinas,
2000247,핏케언 제도,Pitcairn Islands,Quần đảo Pitcairn,Kepulauan Pitcairn,Ilhas Pitcairn,Islas Pitcairn,
2000248,허드 맥도널드 제도,Heard Island and McDonald Islands,Nghe nói Quần đảo McDonald,Kepulauan Heard McDonald,Ilhas McDonald ouvidas,Islas McDonald Heard,
2000249,헝가리,Hungary,Hungary,Hungary,Hungria,Hungría,
2000250,홍콩,Hong Kong,Hồng Kông,Hong Kong,Hong Kong,Hong Kong,
3000000,빨강색 포션,Red potion,Thuốc đỏ,Ramuan Merah,Poção Vermelha,Poción Roja,포션 아이템 이름
3000001,파랑색 포션,Blue potion,Thuốc màu xanh,Ramuan Biru,Poção Azul,Poción azul,
3000002,고대 지식의 포션,potion of ancient knowledge,Potion của kiến thức cổ đại,Ramuan Pengetahuan Purba,Poção do Conhecimento Ancestral,Poción de Conocimiento Antiguo,
3000003,고대 파랑새 포션,Ancient bluebird potion,Thuốc Bluebird cổ đại,Ramuan Bluebird Purba,Poção Antiga do Pássaro Azul,Poción de pájaro azul antiguo,
3000004,고대 물질 포션,Ancient substance potion,Thuốc gây nghiện cổ xưa,Ramuan Bahan Purba,Poção de Substância Ancestral,Poción de sustancia antigua,
3000005,고대의 마법 포션,Ancient magic potion,Thuốc ma thuật cổ đại,Ramuan Sihir Purba,Poção Mágica Ancestral,Poción mágica antigua,
3000006,고대의 생명 포션,Ancient life potion,Thuốc sự sống cổ đại,Ramuan Kehidupan Purba,Poção da Vida Antiga,Poción de vida antigua,
3000007,월광꽃 포션,Moonlight blossom potion,Thuốc hoa ánh trăng,Ramuan Bunga Cahaya Bulan,Poção da Flor do Luar,Poción de flor de luz lunar,
3000008,느와르 포션,Noir potion,Thuốc Noir,Ramuan Noir,Poção Noir,Poción Noir,
3000009,이끼 포션,Moss potion,Thuốc rêu,Ramuan Lumut,Poção de Musgo,Poción de musgo,
3000010,자수정 포션,Amethyst potion,Thuốc thạch anh tím,Ramuan Amethyst,Poção de Ametista,Poción de amatista,
3000011,지하수도 포션,Underground water potion,Thuốc nước ngầm,Ramuan Air Bawah Tanah,Poção de Água Subterrânea,Poción de agua subterránea,
3000012,비밀 포션,Secret potion,Thuốc bí mật,Ramuan Rahsia,Poção Secreta,Poción secreta,
3000013,핑크 스무디 포션,Pink smoothie potion,Thuốc sinh tố màu hồng,Ramuan Smoothie Merah Jambu,Poção de Smoothie Rosa,Poción de batido rosa,
3000014,핑크 탄산 펄 포션,Pink carbonated pearl potion,Lọ thuốc ngọc trai có ga màu hồng,Ramuan Mutiara Berkarbonat Merah Jambu,Poção de Pérola Carbonatada Rosa,Poción de perla carbonatada rosa,
3000015,인피니티 포션,Infinity potion,Thuốc vô cực,Ramuan Infinity,Poção do Infinito,Poción infinita,
3000016,핑크 펄 포션,Pink pearl potion,Lọ thuốc ngọc trai hồng,Ramuan Mutiara Merah Jambu,Poção de Pérola Rosa,Poción de perla rosa,
3000017,풀잎 향기 포션,Grassy scent potion,Thuốc mùi hương cỏ,Ramuan Bau Berumput,Poção de Cheiro de Grama,Poción de aroma herbáceo,
3000018,T-017 포션,T-017 potion,Thuốc T-017,Ramuan T-017,Poção T-017,T-017 Poción,
3000019,황금 아뮬렛 포션,Golden amulet potion,Lọ thuốc bùa hộ mệnh vàng,Ramuan Azimat Emas,Poção de Amuleto Dourado,Poción de amuleto dorado,
3000020,T-002 포션,T-002 potion,Thuốc T-002,Ramuan T-002,Poção T-002,T-002 Poción,
3000021,자율 기동 골렘 포션,Self-maneuvering golem potion,Thuốc Golem tự điều động,Ramuan Golem Manuver Sendiri,Poção de Golem Auto-Manobrável,Poción de gólem automaniobrable,
3000022,화염 포션,Flame potion,Thuốc ngọn lửa,Ramuan Api,Poção de Chamas,Poción de llamas,
3000023,분홍 탄산 포션,Pink carbonate potion,Lọ thuốc Carbonate màu hồng,Ramuan Karbonat Merah Jambu,Poção de Carbonato Rosa,Poción de carbonato rosa,
3000024,파란 탄산 포션,Blue carbonated potion,Thuốc có ga màu xanh,Ramuan Berkarbonat Biru,Poção Carbonatada Azul,Poción carbonatada azul,
3000025,성화 포션,Torch potion,Thuốc đuốc,Ramuan Obor,Poção da Tocha,Poción de antorcha,
3000026,■ 포션,■ potion,■ Thuốc,■ Ramuan,■ Poção,■ Poción,
3000027,□ 포션,□ potion,□ Potion,Ramuan □,□ Poção,Poción □,
3000028,냥냥 포션,Nyan potion,Thuốc Nyan,Ramuan Nyan,Poção Nyan,Poción Nyan,
3000029,새벽 햇살 포션,Dawn sunshine potion,Bình minh Sunshine Potion,Ramuan Cahaya Matahari Fajar,Poção do Sol do Amanhecer,Poción del sol del amanecer,
3000030,마법 연습생 포션,Magic trainee potion,Thuốc thực tập sinh ma thuật,Ramuan Pelatih Sihir,Poção Mágica de Trainee,Poción mágica de aprendiz,
3000031,숙련생 포션,Adept potion,Thuốc lão luyện,Ramuan Mahir,Poção do Adepto,Poción experta,
3000032,오크통 포션,Oak barrel potion,Thuốc thùng gỗ sồi,Ramuan Tong Oak,Poção de Barril de Carvalho,Poción de barril de roble,
3000033,절망 포션,Despair potion,Thuốc tuyệt vọng,Ramuan Keputusasaan,Poção do Desespero,Poción de desesperación,
3000034,고양이 방울 포션,Cat drops potion,Thuốc nhỏ mèo,Ramuan Titisan Kucing,Poção de Gotas de Gato,Poción de gotas de gato,
3000035,토파즈 포션,Topaz potion,Thuốc Topaz,Ramuan Topaz,Poção de Topázio,Poción de topacio,
3000036,플루라이트 포션,Flulite potion,Thuốc flulite,Ramuan Flulite,Poção Flulite,Poción de flauta,
3000037,루비 포션,Ruby potion,Thuốc Ruby,Ramuan Ruby,Poção de Rubi,Poción de rubí,
3000038,사파이어 포션,Sapphire potion,Thuốc Sapphire,Ramuan Nilam,Poção de Safira,Poción de zafiro,
3000039,버블팝 포션,Bubble pop potion,Thuốc bong bóng Pop,Ramuan Pop Gelembung,Poção de Estourar Bolhas,Poción de estallido de burbujas,
3000040,최고급 생명력 포션,Pinnacle health potion,Thuốc sức khỏe đỉnh cao,Ramuan Kesihatan Pinnacle,Poção de Saúde de Alto Nível,Poción de salud cumbre,
3000041,최고급 독 포션,Finest poison potion,Thuốc độc tốt nhất,Ramuan Racun Terbaik,Melhor Poção de Veneno,La mejor poción venenosa,
3000042,최고급 미지의 포션,The finest unknown potion,Thuốc tốt nhất chưa biết,Ramuan terbaik yang tidak diketahui,A melhor poção desconhecida,La mejor poción desconocida,
3000043,끓는 늪지대 포션,Boiling swamp potion,Thuốc đầm lầy sôi,Ramuan Paya Mendidih,Poção do Pântano Fervente,Poción de pantano hirviente,
3000044,타락 여왕 거미의 피 포션,Fallen queen spider potion,Thuốc máu của nhện nữ hoàng sa ngã,Ramuan Darah Labah-labah Ratu Jatuh,Poção de Sangue da Aranha Rainha Caída,Poción de sangre de la Reina Caída Araña,
3000045,하급 뱀파이어의 피 포션,Lesser vampire blood potion,Thuốc máu của ma cà rồng nhỏ hơn,Ramuan Darah Vampire Kecil,Poção de Sangue do Vampiro Menor,Poción de sangre del vampiro menor,
3000046,서큐버스의 꿈 포션,Succubus' dream potion,Thuốc mơ ước của Succubus,Ramuan Impian Succubus,Poção dos Sonhos da Súcubo,Poción del sueño de la súcubo,
3000047,연인의 사랑 포션,Lover's love potion,Lọ thuốc tình yêu của người yêu,Ramuan Cinta Kekasih,Poção do Amor do Amante,Poción de amor del amante,
3000048,악녀의 질투 포션,Wicked jealousy potion,Lọ thuốc ghen tuông của người phụ nữ độc ác,Ramuan Cemburu Wanita Jahat,Poção do Ciúme da Mulher Malvada,Poción de celos de la mujer malvada,
3000049,눈깔 괴물의 시야 포션,Snow monster's sight potion,Lọ thuốc thị giác của quái vật tuyết,Ramuan Penglihatan Raksasa Salji,Poção de Visão do Monstro da Neve,Poción de vista del monstruo de nieve,
3000050,수중 호흡 포션,Breathing potion,Thuốc thở nước,Ramuan Pernafasan Air,Poção de Respiração Aquática,Poción de respiración de agua,
3000051,강화된 수중 호흡 포션,Enforce breathing potion,Thuốc thở nước được trao quyền,Ramuan Pernafasan Air Diperkasakan,Poção de Respiração Aquática Energizada,Poción de respiración de agua potenciada,
3000052,아침 숲 내음 포션,Morning forest scent potion,Thuốc thơm rừng buổi sáng,Ramuan Bau Hutan Pagi,Poção Aromatizante da Floresta Matinal,Poción de aroma del bosque matutino,
3000053,원시 부족의 포션,Primal tribe potion,Thuốc của Bộ lạc Nguyên thủy,Ramuan Suku Primal,Poção da Tribo Primeva,Poción de la Tribu Primigenia,
3000054,침 포션,Saliva potion,Thuốc nước bọt,Ramuan Air Liur,Poção de Saliva,Poción de saliva,
3000055,생구리 알 포션,Forgish egg potion,Potion trứng đồng thô,Ramuan Telur Tembaga Mentah,Poção de Ovo de Cobre Cru,Poción de huevo de cobre crudo,
3000056,야광성 포션,Luminous potion,Thuốc phát sáng,Ramuan Bercahaya,Poção Luminosa,Poción luminosa,
3000057,10년 포션,10 Year potion,Thuốc 10 năm,Ramuan 10 Tahun,Poção de 10 anos,Poción de 10 años,
3000058,발광 버섯 샘물 포션,Luminescent mushroom potion,Thuốc nước suối nấm phát quang,Ramuan Air Mata Air Cendawan Bercahaya,Poção de Água da Fonte de Cogumelo Luminescente,Poción de agua de manantial de hongos luminiscentes,
3000059,마녀의 우물 포션,Witch's well potion,Thuốc phù thủy giếng,Ramuan Telaga Ahli Sihir,Poção do Poço da Bruxa,Poción del Pozo de la Bruja,
3000060,고독한 성당 포션,Lonely cathedral potion,Lonely Cathedral Potion,Ramuan Katedral Kesepian,Poção da Catedral Solitária,Poción de la Catedral Solitaria,
3000061,용암석 포션,Molten potion,Thuốc nóng chảy,Ramuan cair,Poção Derretida,Poción fundida,
3000062,엘프의 환영 포션,Elven's welcome potion,Thuốc ảo ảnh của Elven,Ramuan Ilusi Bunian,Poção de Ilusão dos Elfos,Poción de ilusión de los elfos,
3000063,여왕의 품격 포션,Queen's elegance potion,Lọ thuốc thanh lịch của Nữ hoàng,Ramuan Keanggunan Ratu,Poção de Elegância da Rainha,Poción de elegancia de la reina,
3000064,독거미 눈알 포션,Tarantula eyeball potion,Thuốc nhãn cầu Tarantula,Ramuan Bola Mata Tarantula,Poção do Globo Ocular da Tarântula,Poción de globo ocular de tarántula,
3000065,U-391 장난감 포션,U-391 Toy potion,Thuốc đồ chơi U-391,U-391 Ramuan Mainan,U-391 Poção de Brinquedo,U-391 Poción de juguete,
3000066,U-394 장난감 포션,U-394 Toy potion,Thuốc đồ chơi U-394,U-394 Ramuan Mainan,U-394 Poção de Brinquedo,U-394 Poción de juguete,
3000067,전기 포션,Electric potion,Thuốc điện,Ramuan Elektrik,Poção Elétrica,Poción eléctrica,
3000068,해양 포션,Ocean potion,Thuốc đại dương,Ramuan Lautan,Poção do Oceano,Poción oceánica,
3000069,룬 포션,Rune potion,Thuốc Rune,Ramuan Rune,Poção Rúnica,Poción rúnica,
3000070,별의 눈 포션,Star eye potion,Star Eye Potion,Ramuan Mata Bintang,Poção do Olho Estelar,Poción de ojo de estrella,
3000071,가엘의 눈물 포션,Gael's tears potion,Thuốc nước mắt của Gael,Ramuan Air Mata Gael,Poção das Lágrimas de Gael,Poción de lágrimas de Gael,
3000072,냉기 포션,Frost potion,Thuốc băng giá,Ramuan Frost,Poção de Gelo,Poción de escarcha,
3000073,눈꽃 결정 포션,Snowflake crystal potion,Lọ thuốc pha lê bông tuyết,Ramuan Kristal Kepingan Salji,Poção de Cristal Floco de Neve,Poción de cristal de copo de nieve,
3000074,거대 사슴벌레 포션,Giant stag beetle potion,Thuốc bọ cánh cứng khổng lồ,Ramuan Kumbang Rusa Gergasi,Poção do Besouro Veado Gigante,Poción de escarabajo ciervo gigante,
3000075,드워프의 비밀 포션,Dwarf's secret potion,Thuốc bí mật của người lùn,Ramuan Rahsia Kerdil,Poção Secreta do Anão,Poción secreta del enano,
3000076,감전 포션,Shock potion,Thuốc sốc,Ramuan Kejutan,Poção de Choque,Poción de choque,
3000077,순간이동 포션,Teleportation potion,Thuốc dịch chuyển tức thời,Ramuan Teleportasi,Poção de Teletransporte,Poción de teletransportación,
3000078,하급 화염 드래곤 포션,Lesser Flame dragon potion,Lesser Flame Dragon Potion,Ramuan Naga Api Kecil,Poção do Dragão da Chama Menor,Poción de dragón de llama menor,
3000079,어느 대부호의 포션,Potion of a great fortune,Thuốc của một vận may lớn,Ramuan Kekayaan Besar,Poção de uma Grande Fortuna,Poción de una gran fortuna,
3000080,화염 드래곤의 숨결 포션,Flame dragon's breath potion,Thuốc hơi thở của rồng lửa,Ramuan Nafas Naga Api,Poção do Sopro do Dragão Flamejante,Poción de aliento de dragón de llamas,
3000081,화염초 씨앗 포션,Fireweed seed potion,Thuốc hạt giống củi,Ramuan Benih Fireweed,Poção de Semente de Fireweed,Poción de semillas de Fireweed,
3000082,끓지 않는 포션,Non-boiling potion,Thuốc không đun sôi,Ramuan tidak mendidih,Poção que não ferve,Poción no hirviente,
3000083,얼지 않는 포션,Non-freezing potion,Thuốc không đông lạnh,Ramuan Bukan Pembekuan,Poção Não-Congelante,Poción no congelante,
3000084,별빛을 담은 호수 포션,Starlight lake potion,Starlight Lake Potion,Ramuan Tasik Cahaya Bintang,Poção do Lago da Luz das Estrelas,Poción del lago Starlight,
3000085,상급 뱀파이어 포션,Greater Vampire Potion,Thuốc ma cà rồng lớn hơn,Ramuan Vampire yang Lebih Besar,Poção Vampiro Maior,Poción de vampiro superior,
3000086,뱀파이어 로드 포션,Vampire Lord Potion,Lọ thuốc Chúa tể ma cà rồng,Ramuan Tuan Vampire,Poção do Lorde Vampiro,Poción del Señor de los Vampiros,
3000087,마룸 열매 포션,Marum Fruit Potion,Thuốc trái cây Marum,Ramuan Buah Marum,Poção de Frutas Marum,Poción de frutas Marum,
3000088,히소 열매 포션,Hiso Fruit Potion,Thuốc trái cây Hiso,Ramuan Buah Hiso,Poção de Frutas Hiso,Poción de frutas Hiso,
3000089,플룸 열매 포션,Plume Fruit Potion,Thuốc trái cây Plume,Ramuan Buah Plume,Poção de Fruta Pluma,Poción de frutas Plume,
3000090,히드 버섯 포션,Heath Mushroom Potion,Thuốc nấm Heath,Ramuan Cendawan Heath,Poção de Cogumelo Heath,Poción de hongos de brezo,
3000091,라디아 열매 포션,Radia Fruit Potion,Thuốc trái cây Radia,Ramuan Buah Radia,Poção de Frutas Radia,Poción de frutas Radia,
3000092,깨끗한 탄산 포션,Clean Carbonated Potion,Thuốc có ga sạch,Ramuan Berkarbonat Bersih,Poção Carbonatada Limpa,Poción carbonatada limpia,
3000093,모험가 포션,Adventurer's Potion,Thuốc của nhà thám hiểm,Ramuan Pengembara,Poção do Aventureiro,Poción del aventurero,
3000094,대형 모험가 포션,Large Adventurer's Potion,Thuốc thám hiểm lớn,Ramuan Pengembara Besar,Poção do Aventureiro Grande,Poción de aventurero grande,
3000095,리오의 속삭임 포션,Rio's Whisper Potion,Lọ thuốc thì thầm của Rio,Ramuan Bisikan Rio,Poção do Sussurro do Rio,Poción de susurro de Río,
3000096,흰색 포션,White Potion,Thuốc trắng,Ramuan Putih,Poção Branca,Poción blanca,
3000097,나오의 기다림 포션,Nao's Waiting Potion,Nao's Waiting Potion,Ramuan Menunggu Nao,Poção de Espera de Nao,Poción de espera de Nao,
3000098,밤의 초대 포션,Night's Invitation Potion,Lọ thuốc mời đêm,Ramuan Jemputan Malam,Poção de Convite da Noite,Poción de invitación de la noche,
3000099,검정 포션,Black Potion,Thuốc đen,Ramuan Hitam,Poção Negra,Poción Negra,
3000100,로하나 포션,Rohana Potion,Thuốc Rohana,Ramuan Rohana,Poção Rohana,Poción Rohana,
3000101,초록 포션,Green Potion,Thuốc xanh,Ramuan Hijau,Poção Verde,Poción verde,
3000102,엘른의 축복 포션,Eln's Blessing Potion,Eln's Blessing Potion,Ramuan Berkat Eln,Poção de Bênção de Eln,Poción de bendición de Eln,
5000000,빨강색 포션.,Red potion.,Thuốc đỏ.,Ramuan merah.,Poção vermelha.,Poción roja.,포션 아이템 설명
5000001,파랑색 포션.,Blue potion.,Thuốc màu xanh.,Ramuan biru.,Poção azul.,Poción azul.,
5000002,최초의 현자가 자신의 모든 지식을 전수하기 위해 만든 포션.,A potion created by the First Sage to impart all his knowledge.,Một lọ thuốc được tạo ra bởi Nhà hiền triết đầu tiên để truyền đạt tất cả kiến thức của mình.,Ramuan yang dicipta oleh Orang Bijak Pertama untuk menyampaikan semua pengetahuannya.,Uma poção criada pelo Primeiro Sábio para transmitir todo o seu conhecimento.,Una poción creada por el Primer Sabio para impartir todos sus conocimientos.,
5000003,최초로 느낀 감정을 담아 만들어진 포션.\n마시면 행복한 기분이 든다.,"A potionion created with emotion felt for the first time.\nWhen I drink it, I feel happy.",Một lọ thuốc được làm bằng cảm xúc mà bạn cảm thấy lần đầu tiên. \ n Uống nó làm cho bạn cảm thấy hạnh phúc.,Ramuan yang dibuat dengan perasaan yang anda rasai buat kali pertama.\nMeminumnya membuatkan anda berasa gembira.,Uma poção feita com os sentimentos que você sentiu pela primeira vez.\nBeber faz você se sentir feliz.,Una poción hecha con los sentimientos que sentiste por primera vez.\nBeberla te hace sentir feliz.,
5000004,최초로 식물과 광석을 섞어 만들어진 포션.\n끔찍한 맛이 난다.,The first potion created by mixing plants and ores.\nIt tastes terrible.,Thuốc đầu tiên được làm từ hỗn hợp thực vật và quặng. \ nNó có vị kinh khủng.,Ramuan pertama yang diperbuat daripada campuran tumbuhan dan bijih.\nRasanya mengerikan.,A primeira poção feita de uma mistura de plantas e minérios.\nTem um gosto horrível.,La primera poción hecha de una mezcla de plantas y minerales.\nTiene un sabor horrible.,
5000005,최초의 마법을 담아 만들어진 포션.\n고대의 마법을 사용할 수 있게 된다.,The first magical potion.\nCan use ancient magic.,Một lọ thuốc được làm bằng phép thuật đầu tiên.\nCó được quyền truy cập vào ma thuật cổ đại.,Ramuan yang dibuat dengan sihir pertama.\nMendapat akses kepada sihir purba.,Uma poção feita com a primeira magia.\nGanha acesso à magia antiga.,Una poción hecha con la primera magia.\nObtiene acceso a la magia antigua.,
5000006,"최초의 생명이 죽고 남긴 파편으로 만든 포션.\n새로운 생명을 받을 수도, 기존 생명을 뺏길 수도 있다.","A potion made from the shards left behind by the death of the first life.\nYou can receive a new life, or you can take away an old one.","Một lọ thuốc được làm từ những mảnh vỡ còn sót lại sau cái chết của kiếp sống đầu tiên. \ n Nó có thể nhận được một cuộc sống mới, hoặc nó có thể lấy đi một cuộc sống hiện có.","Ramuan yang diperbuat daripada serpihan yang ditinggalkan oleh kematian kehidupan pertama.\nIa boleh menerima kehidupan baru, atau ia boleh mengambil kehidupan yang sedia ada.","Uma poção feita a partir dos fragmentos deixados para trás pela morte da primeira vida.\nPode receber uma nova vida, ou pode tirar uma existente.","Una poción hecha de los fragmentos dejados por la muerte de la primera vida.\nPuede recibir una nueva vida, o puede quitar una existente.",
5000007,호수 위 달빛을 받고 핀 꽃을 담아 만든 포션.\n소원을 이루어준다.,A potion made with flowers blooming in the moonlight on the lake.\nMake a wish.,Một lọ thuốc được làm bằng hoa nở dưới ánh trăng trên hồ.\nGrants mong muốn.,Ramuan yang dibuat dengan bunga yang mekar di bawah cahaya bulan di tasik.\nGrants wishes.,Uma poção feita com flores desabrochando ao luar no lago.\nConcede desejos.,Una poción hecha con flores que florecen a la luz de la luna en el lago.\nConcede deseos.,
5000008,세상이 어두어 지는 포션.\n잿빛의 담배 맛이 느껴진다.,A potion that darkens the world.\nIt tastes like ashy tobacco.,Một lọ thuốc làm tối tăm thế giới.\nTôi có thể nếm được vị tro của thuốc lá.,Ramuan yang menggelapkan dunia.\nSaya boleh merasai rasa abu tembakau.,Uma poção que escurece o mundo.\nEu posso sentir o gosto cinzento do tabaco.,Una poción que oscurece el mundo.\nPuedo saborear el sabor ceniciento del tabaco.,
5000009,이끼 향이 가득한 포션.\n오래될 수록 더 깊은 향이 난다,"A moss-scented potion.\nThe older it gets, the deeper the taste becomes.","Một lọ thuốc thơm mùi rêu.\n Càng già, mùi hương càng nồng","Ramuan wangi lumut.\nSemakin tua, semakin dalam baunya","Uma poção com cheiro de musgo.\nQuanto mais velho fica, mais profundo é o cheiro","Una poción con aroma a musgo.\nCuanto más envejece, más profundo es el aroma",
5000010,자수정의 아름다움을 담은 포션.,A potion that contains the beauty of amethyst.,Một lọ thuốc có chứa vẻ đẹp của thạch anh tím.,Ramuan yang mengandungi keindahan kecubung.,Uma poção que contém a beleza da ametista.,Una poción que contiene la belleza de la amatista.,
5000011,끔찍한 맛이 날 것 같은 포션.,A potion that tastes horrible.,Một lọ thuốc có vị kinh khủng.,Ramuan yang rasanya mengerikan.,Uma poção que tem um gosto horrível.,Una poción que tiene un sabor horrible.,
5000012,내용물이 숨겨진 비밀 포션.,A secret potion with concealed contents.,Một lọ thuốc bí mật với nội dung ẩn.,Ramuan rahsia dengan kandungan tersembunyi.,Uma poção secreta com conteúdo oculto.,Una poción secreta con contenidos ocultos.,
5000013,핑크 스무디 포션.,Pink Smoothie Potion.,Thuốc sinh tố màu hồng.,Ramuan Smoothie Merah Jambu.,Poção de Smoothie Rosa.,Poción de batido rosa.,
5000014,핑크 젤리가 들어간 탄산 포션.,Carbonated potion with pink jelly.,Thuốc có ga với thạch hồng.,Ramuan berkarbonat dengan jeli merah jambu.,Poção carbonatada com geleia rosa.,Poción carbonatada con gelatina rosa.,
5000015,강력한 맛으로 하루의 기억 중 반을 잃어버리는 포션.,A potion that loses half of your day's memory with its powerful taste.,Một lọ thuốc mất một nửa trí nhớ trong ngày của bạn với hương vị mạnh mẽ của nó.,Ramuan yang kehilangan separuh daripada ingatan hari anda dengan rasanya yang kuat.,Uma poção que perde metade da memória do seu dia com seu sabor poderoso.,Una poción que pierde la mitad de la memoria del día con su poderoso sabor.,
5000016,뭔가 이상한 맛이 나는 포션.,A potion that tastes weird.,Một lọ thuốc có vị lạ.,Ramuan yang rasanya pelik.,Uma poção que tem um gosto estranho.,Una poción que tiene un sabor extraño.,
5000017,풀잎 향이 가득한 포션.\n오래될 수록 더 깊은 향이 난다.,"A potion full of grassy scents.\nThe older it gets, the deeper the aroma it gets.","Một lọ thuốc đầy hương vị cỏ.\n Càng già, hương vị càng trở nên sâu sắc.","Ramuan yang penuh dengan rasa berumput.\nSemakin tua, semakin dalam rasanya.","Uma poção cheia de sabores de grama.\nQuanto mais velho fica, mais profundo o sabor se torna.","Una poción llena de sabores herbáceos.\nCuanto más envejece, más profundo se vuelve el sabor.",
5000018,신규 포션 제조를 위한 테스트 포션.,A test potion for making a new potion.,Một lọ thuốc thử nghiệm để làm một lọ thuốc mới.,Ramuan ujian untuk membuat ramuan baru.,Uma poção de teste para fazer uma nova poção.,Una poción de prueba para hacer una nueva poción.,
5000019,마시면 금전 운이 좋아지는 느낌의 포션.,"If you drink it, you will get lucky with money.","Nếu bạn uống nó, bạn sẽ gặp may mắn với tiền.","Jika anda meminumnya, anda akan bertuah dengan wang.","Se você beber, terá sorte com dinheiro.","Si lo bebes, tendrás suerte con el dinero.",
5000020,신규 포션 제조를 위한 테스트 포션.,A test potion for making a new potion.,Một lọ thuốc thử nghiệm để làm một lọ thuốc mới.,Ramuan ujian untuk membuat ramuan baru.,Uma poção de teste para fazer uma nova poção.,Una poción de prueba para hacer una nueva poción.,
5000021,자율 기동 골렘의 동력원 포션.\n사람이 마실 수는 없다.,Power source potion for the autonomous mobile golem.\nPeople can't drink it.,Thuốc nguồn năng lượng cho Golem tự di chuyển.\nCon người không thể uống nó.,Ramuan sumber kuasa untuk Golem Bergerak Sendiri.\nManusia tidak boleh meminumnya.,Poção de fonte de energia para o Golem que se move sozinho.\nHumanos não podem beber.,Poción de fuente de energía para el Golem que se mueve por sí mismo.\nLos humanos no pueden beberla.,
5000022,화염 속성을 올려주는 포션.,A potion that increases the fire element.,Một lọ thuốc làm tăng yếu tố lửa.,Ramuan yang meningkatkan unsur api.,Uma poção que aumenta o elemento fogo.,Una poción que aumenta el elemento fuego.,
5000023,다른 포션들의 기본 재료가 되는 포션.,A potion that is the base ingredient for other potions.,Một lọ thuốc là thành phần cơ bản cho các loại thuốc khác.,Ramuan yang merupakan bahan asas untuk ramuan lain.,Uma poção que é o ingrediente base para outras poções.,Una poción que es el ingrediente base de otras pociones.,
5000024,다른 포션들의 기본 재료가 되는 포션.,A potion that is the base ingredient for other potions.,Một lọ thuốc là thành phần cơ bản cho các loại thuốc khác.,Ramuan yang merupakan bahan asas untuk ramuan lain.,Uma poção que é o ingrediente base para outras poções.,Una poción que es el ingrediente base de otras pociones.,
5000025,성스러운 불길을 담은 포션.\n마시면 성 속성과 화 속성이 증가한다.,"A potion of holy fire.\nWhen drunk, sexual and fire properties are increased.",Một lọ thuốc chứa lửa thánh.\nUống rượu làm tăng thuộc tính Tình dục và Lửa.,Ramuan yang mengandungi api suci.\nMinum meningkatkan sifat Seks dan Api.,Uma poção contendo fogo sagrado.\nBeber aumenta os atributos Sexo e Fogo.,Una poción que contiene fuego sagrado.\nBeber aumenta los atributos de Sexo y Fuego.,
5000026,마시면 ■■ ■■■ ■ ■■■,If you drink ■■ ■■■ ■ ■■■,Nếu bạn uống ■■ ■■■ ■ ■■■,Jika anda minum ■■ ■■■ ■ ■■,Se você beber ■■ ■■■ ■ ■■■,Si bebe ■■ ■■■ ■ ■■■,
5000027,'■ 포션'으로 인한 효과를 제거해 주는 포션.,A potion that removes the effects of '■ Potion'.,Một lọ thuốc loại bỏ tác dụng của '■ Potion'.,Ramuan yang menghilangkan kesan '■ Ramuan'.,Uma poção que remove os efeitos de '■ Poção'.,Una poción que elimina los efectos de '■ Poción'.,
5000028,고양이 울음소리가 담긴 포션.,A potion containing cat sounds.,Một lọ thuốc có chứa tiếng meo meo của mèo.,Ramuan yang mengandungi meong kucing.,Uma poção contendo o miado de um gato.,Una poción que contiene el maullido de un gato.,
5000029,새벽 햇살을 받아 핀 꽃들을 담아 만든 포션.,A potion made of flowers that bloom in the early morning sun.,Một lọ thuốc làm từ hoa nở dưới ánh mặt trời buổi sáng sớm.,Ramuan yang diperbuat daripada bunga yang mekar di bawah sinar matahari awal pagi.,Uma poção feita de flores que desabrocham ao sol da manhã.,Una poción hecha de flores que florecen bajo el sol de la mañana.,
5000030,마법을 배우는 소녀가 만든 귀여운 포션.\n효능은 미미하다.,A cute potion made by a girl learning magic.\nThe efficacy is minimal.,Một lọ thuốc dễ thương được làm bởi một cô gái học phép thuật.\n Hiệu quả là tối thiểu.,Ramuan comel yang dibuat oleh seorang gadis yang belajar sihir.\nKeberkesanannya minimum.,Uma poção fofa feita por uma garota aprendendo magia.\nA eficácia é mínima.,Una linda poción hecha por una chica que aprende magia.\nLa eficacia es mínima.,
5000031,마법 학교의 숙련된 학생이 만든 포션.\n교보재로 사용될 정도로 잘 만들어졌다.,A potion made by an experienced student of a magical school.\nIt is so well made that it is used as a teaching material.,Một lọ thuốc được làm bởi một học sinh giàu kinh nghiệm tại một trường học phép thuật. \ nNó được làm tốt đến mức nó được sử dụng làm tài liệu giảng dạy.,Ramuan yang dibuat oleh pelajar berpengalaman di sekolah sihir.\nIa dibuat dengan sangat baik sehingga digunakan sebagai bahan pengajaran.,Uma poção feita por um aluno experiente em uma escola de magia.\nÉ tão bem feita que é usada como material didático.,Una poción hecha por un estudiante experimentado en una escuela de magia.\nEstá tan bien hecha que se utiliza como material didáctico.,
5000032,오크나무 향이 진한 포션.\n마시고 취할 수 있으니 주의하자.,A potion with a strong oak scent.\nBe careful as you can get drunk from drinking.,"Một lọ thuốc có mùi hương gỗ sồi nồng nặc.\nBạn có thể uống nó và say, vì vậy hãy cẩn thận.","Ramuan dengan bau oak yang kuat.\nAnda boleh meminumnya dan mabuk, jadi berhati-hati.","Uma poção com um forte cheiro de carvalho.\nVocê pode beber e ficar bêbado, então tome cuidado.","Una poción con un fuerte aroma a roble.\nPuedes beberla y emborracharte, así que ten cuidado.",
5000033,마신 자의 모든 털이 빠지는 포션.\n머리카락 한 올도 남기지 않는다.,A potion that sheds all the hair of the drinker.\nNot a single strand of hair is left behind.,Một lọ thuốc làm rụng hết tóc của người uống.\nKhông một sợi tóc nào bị bỏ lại.,Ramuan yang menumpahkan semua rambut peminum.\nTidak ada sehelai rambut yang tertinggal.,Uma poção que solta todo o cabelo do bebedor.\nNenhum fio de cabelo é deixado para trás.,Una poción que desprende todo el pelo del bebedor.\nNo queda ni un pelo.,
5000034,마시면 움직일때마다 고양이 방울 소리가 난다.,"When you drink it, it makes the sound of cat bells every time it moves.","Khi bạn uống nó, nó tạo ra âm thanh của chuông mèo mỗi khi nó di chuyển.","Apabila anda meminumnya, ia mengeluarkan bunyi loceng kucing setiap kali ia bergerak.","Quando você bebe, ele faz o som de sinos de gato toda vez que se move.","Cuando lo bebes, hace el sonido de las campanas de los gatos cada vez que se mueve.",
5000035,가공에 실패한 주황색 토파즈로 만든 포션.,A potion made from orange topaz that failed to be processed.,Một lọ thuốc làm từ topaz cam không được xử lý.,Ramuan yang diperbuat daripada topaz oren yang gagal diproses.,Uma poção feita de topázio laranja que não foi processada.,Una poción hecha de topacio naranja que no pudo ser procesada.,
5000036,가공에 실패한 플루라이트를 담아 만든 포션.,A potion made with flulite that has failed to be processed.,Một lọ thuốc được làm bằng flulite đã không được xử lý.,Ramuan yang dibuat dengan flulite yang gagal diproses.,Uma poção feita com flulite que não foi processada.,Una poción hecha con flulita que no ha podido ser procesada.,
5000037,가공에 실패한 루비를 담아 만든 포션.,A potion made with rubies that have failed to be processed.,Một lọ thuốc được làm bằng hồng ngọc đã không được xử lý.,Ramuan yang dibuat dengan delima yang gagal diproses.,Uma poção feita com rubis que não foram processados.,Una poción hecha con rubíes que no han podido ser procesados.,
5000038,가공에 실패한 사파이어를 담아 만든 포션.,A potion made from sapphires that have failed to be processed.,Một lọ thuốc làm từ sapphire đã không được xử lý.,Ramuan yang diperbuat daripada nilam yang gagal diproses.,Uma poção feita de safiras que não foram processadas.,Una poción hecha de zafiros que no han podido ser procesados.,
5000039,입 속에서 톡톡 터지는 맛이 최고인 포션.\n탄산과는 다른 맛이다.,This potion has the best flavor in your mouth.\nIt tastes different from carbonic acid.,Một lọ thuốc có hương vị tốt nhất bật ra trong miệng của bạn. \ nNó có vị khác với axit carbonic.,Ramuan yang mempunyai rasa terbaik yang muncul di dalam mulut anda.\nRasanya berbeza daripada asid karbonik.,Uma poção que tem o melhor sabor que aparece na boca.\nTem um gosto diferente do ácido carbônico.,Una poción que tiene el mejor sabor que se te lleva a la boca.\nTiene un sabor diferente al ácido carbónico.,
5000040,"마시는 즉시 힘이 나고, 체력이 회복된다.","As soon as you drink it, you will feel energized and your physical strength will be restored.","Ngay khi bạn uống nó, bạn sẽ cảm thấy tràn đầy năng lượng và sức mạnh thể chất của bạn sẽ được phục hồi.","Sebaik sahaja anda meminumnya, anda akan berasa bertenaga dan kekuatan fizikal anda akan dipulihkan.","Assim que você beber, você se sentirá energizado e sua força física será restaurada.","Tan pronto como lo bebas, te sentirás con energía y tu fuerza física se restaurará.",
5000041,지금까지 어떤 맛이 나는지 말을 해준 사람이 없다.,"So far, no one has told me what it tastes like.","Cho đến nay, không ai nói cho tôi biết nó có vị như thế nào.","Setakat ini, tiada siapa yang memberitahu saya rasanya.","Até agora, ninguém me disse qual é o gosto.","Hasta ahora, nadie me ha dicho a qué sabe.",
5000042,어떤 일이 벌어질지 모르는 포션.\n어째서인지 좋다고 말한 사람만 살아있다.,"You don't know what's going to happen.\nFor some reason, only those who said it was good are alive.","Bạn không biết điều gì sẽ xảy ra.\n Vì một số lý do, chỉ có những người nói có là còn sống.","Anda tidak tahu apa yang akan berlaku.\nAtas sebab tertentu, hanya mereka yang mengatakan ya yang masih hidup.","Você não sabe o que vai acontecer.\nPor alguma razão, apenas aqueles que disseram sim estão vivos.","No sabes lo que va a pasar.\nPor alguna razón, solo los que dijeron que sí están vivos.",
5000043,서쪽 끓는 늪지대에서 가져온 포션.\n특수한 병에 보관이 가능하다.,Potion from the Western Boiling Swamp.\nIt can be stored in a special bottle.,Thuốc từ đầm lầy sôi phương Tây.\nCó thể được lưu trữ trong một chai đặc biệt.,Ramuan dari Paya Mendidih Barat.\nBoleh disimpan dalam botol khas.,Poção do Pântano Fervente Ocidental.\nPode ser armazenada em uma garrafa especial.,Poción del Pantano Hirviente del Oeste.\nSe puede almacenar en una botella especial.,
5000044,타락한 여왕 거미의 피가 담긴 포션.,A potion containing the blood of the Fallen Queen Spider.,Một lọ thuốc chứa máu của Nhện Nữ hoàng sa ngã.,Ramuan yang mengandungi darah Labah-labah Ratu Jatuh.,Uma poção contendo o sangue da Aranha Rainha Caída.,Una poción que contiene la sangre de la Araña Reina Caída.,
5000045,하급 뱀파이어의 피로 만든 포션.,A potion made from the blood of lesser vampires.,Một lọ thuốc làm từ máu của ma cà rồng nhỏ hơn.,Ramuan yang diperbuat daripada darah vampire yang lebih rendah.,Uma poção feita com o sangue de vampiros menores.,Una poción hecha con la sangre de vampiros menores.,
5000046,달콤한 꿈을 꾸게해주는 포션.\n너무 많이 마시면 깨어나지 못할 수도 있다.,"A potion that makes you dream sweet dreams.\nIf you drink too much, you may not be able to wake up.","Một lọ thuốc gây ra những giấc mơ ngọt ngào.\nNếu bạn uống quá nhiều, bạn có thể không thể thức dậy.","Ramuan yang menimbulkan mimpi manis.\nJika anda minum terlalu banyak, anda mungkin tidak dapat bangun.","Uma poção que induz bons sonhos.\nSe você beber demais, pode não conseguir acordar.","Una poción que induce dulces sueños.\nSi bebes demasiado, es posible que no puedas despertarte.",
5000047,마시고 제일 처음 본 대상에게 사랑에 빠진다.,Drink and fall in love with the first person you see.,Uống và yêu người đầu tiên bạn nhìn thấy.,Minum dan jatuh cinta dengan orang pertama yang anda lihat.,Beba e apaixone-se pela primeira pessoa que você vê.,Bebe y enamórate de la primera persona que veas.,
5000048,마시고 제일 처음 본 대상을 싫어하게 된다.,You start to hate the first thing you see.,Bạn bắt đầu ghét điều đầu tiên bạn nhìn thấy.,Anda mula membenci perkara pertama yang anda lihat.,Você começa a odiar a primeira coisa que vê.,Empiezas a odiar lo primero que ves.,
5000049,투명화 상태의 대상을 볼 수 있게된다.,You will be able to see the object in the invisibility state.,Bạn sẽ có thể nhìn thấy đối tượng ở trạng thái tàng hình.,Anda akan dapat melihat objek dalam keadaan halimunan.,Você poderá ver o objeto no estado de invisibilidade.,Podrá ver el objeto en el estado de invisibilidad.,
5000050,물 속에서 숨을 쉴 수 있게 해주는 물약.,A potion that allows you to breathe underwater.,Một lọ thuốc cho phép bạn thở dưới nước.,Ramuan yang membolehkan anda bernafas di bawah air.,Uma poção que permite respirar debaixo d'água.,Una poción que te permite respirar bajo el agua.,
5000051,물 속에서 더 오랫동안 숨을 쉴 수 있게 해주는 물약.,A potion that allows you to breathe longer underwater.,Một lọ thuốc cho phép bạn thở lâu hơn dưới nước.,Ramuan yang membolehkan anda bernafas lebih lama di bawah air.,Uma poção que permite respirar mais tempo debaixo d'água.,Una poción que te permite respirar más tiempo bajo el agua.,
5000052,※주의: 복용 금지※\n마개를 열고 방에 두면 기분이 상쾌해지는 물약.,*Caution: Do not take*\nThis potion will make you feel refreshed if you open the stopper and leave it in your room.,*Chú ý: Không dùng *\nThuốc này sẽ khiến bạn cảm thấy sảng khoái nếu bạn mở nút chặn và để nó trong phòng.,*Awas: Jangan ambil*\nRamuan ini akan membuatkan anda berasa segar jika anda membuka penyumbat dan meninggalkannya di dalam bilik anda.,*Cuidado: Não tome*\nEsta poção fará você se sentir revigorado se abrir a rolha e deixá-la em seu quarto.,*Precaución: No tome*\nEsta poción te hará sentir renovado si abres el tapón y lo dejas en tu habitación.,
5000053,원시 부족이 전투를 나가기 전에 마신 물약.\n특별한 효과는 없다.,A potion that the primitive tribes drank before going into battle.\nThere are no special effects.,Một lọ thuốc mà bộ lạc nguyên thủy đã uống trước khi ra trận.\nKhông có tác dụng đặc biệt.,Ramuan yang diminum oleh suku primitif sebelum berperang.\nTiada kesan khas.,Uma poção que a tribo primitiva bebia antes de ir para a batalha.\nSem efeito especial.,Una poción que la tribu primitiva bebía antes de ir a la batalla.\nSin efecto especial.,
5000054,입이 마를 때 마시면 좋은 포션.\n상큼한 맛으로 침이 줄줄 흐른다.,A great potion to drink when your mouth is dry.\nThe refreshing taste makes you salivate.,Một lọ thuốc tuyệt vời để uống khi miệng bạn khô. \ nNó có một hương vị sảng khoái khiến bạn chảy nước miếng.,Ramuan yang bagus untuk diminum apabila mulut anda kering.\nIa mempunyai rasa yang menyegarkan yang membuatkan anda mengeluarkan air liur.,Uma ótima poção para beber quando sua boca está seca.\nTem um sabor refrescante que faz você salivar.,Una gran poción para beber cuando la boca está seca.\nTiene un sabor refrescante que te hace salivar.,
5000055,개구리와 물고기를 합친 이상한 생김새를 한 생물의 알이다.,It is the egg of a creature with a strange appearance that is a combination of a frog and a fish.,Đó là trứng của một sinh vật có ngoại hình kỳ lạ là sự kết hợp giữa ếch và cá.,Ia adalah telur makhluk dengan rupa pelik yang merupakan gabungan katak dan ikan.,É o ovo de uma criatura com uma aparência estranha que é uma combinação de um sapo e um peixe.,Es el huevo de una criatura con una apariencia extraña que es una combinación de una rana y un pez.,
5000056,밤에 빛나는 포션.\n들어있는 액체가 다 달면 터질 수 있으니 주의가 필요하다.,"A potion that glows at night.\nIf the liquid in it is exhausted, it may burst, so be careful.","Một lọ thuốc phát sáng vào ban đêm.\nNếu chất lỏng trong đó hết, nó có thể vỡ, vì vậy hãy cẩn thận.","Ramuan yang bersinar pada waktu malam.\nJika cecair di dalamnya kehabisan, ia boleh pecah, jadi berhati-hati.","Uma poção que brilha à noite.\nSe o líquido acabar, pode estourar, então tome cuidado.","Una poción que brilla por la noche.\nSi el líquido que contiene se agota, puede reventar, así que ten cuidado.",
5000057,"알고 싶은 대상의 일부를 포션에 넣고 마시면 과거 5년, 미래 5년을 알게 해주는 포션.","If you put a part of the object you want to know in a potion and drink it, you will know about the past 5 years and the future 5 years.","Nếu bạn đặt một phần của vật thể bạn muốn biết vào một lọ thuốc và uống nó, bạn sẽ biết về 5 năm qua và 5 năm tương lai.","Jika anda meletakkan sebahagian daripada objek yang anda ingin tahu dalam ramuan dan meminumnya, anda akan tahu tentang 5 tahun yang lalu dan 5 tahun yang akan datang.","Se você colocar uma parte do objeto que deseja conhecer em uma poção e beber, saberá sobre os últimos 5 anos e os próximos 5 anos.","Si pones una parte del objeto que quieres conocer en una poción y la bebes, sabrás sobre los últimos 5 años y los próximos 5 años.",
5000058,지하 발광 버섯을 키우는 샘물.\n이 샘물로 인해 일반 버섯이 발광 버섯으로 자란다.,"Spring water that grows underground luminescent mushrooms.\nDue to this spring water, ordinary mushrooms grow into luminescent mushrooms.",Nước suối nuôi dưỡng nấm phát quang dưới lòng đất.\n Nước suối này làm cho nấm bình thường phát triển thành nấm phát quang.,Mata air yang memupuk cendawan bercahaya bawah tanah.\nMata air ini menyebabkan cendawan biasa tumbuh menjadi cendawan bercahaya.,Água de nascente que nutre cogumelos luminescentes subterrâneos.\nEsta água de nascente faz com que cogumelos comuns se transformem em cogumelos luminescentes.,Agua de manantial que nutre los hongos luminiscentes subterráneos.\nEsta agua de manantial hace que los hongos ordinarios se conviertan en hongos luminiscentes.,
5000059,마녀의 집 근처 우물에서 퍼온 물.\n다른 약효를 증가 시킨다.,"Water from a well near the witch's house, which increases the efficacy of other medicines.",Nước từ một cái giếng gần nhà phù thủy.\nTăng các đặc tính dược liệu khác.,Air dari telaga berhampiran rumah ahli sihir.\nMeningkatkan khasiat perubatan lain.,Água de um poço perto da casa da bruxa.\nAumenta outras propriedades medicinais.,Agua de un pozo cerca de la casa de la bruja.\nAumenta otras propiedades medicinales.,
5000060,더 이상 아무도 찾지 않는 성당 안에 방치된 성수로 만든 포션.,A potion made of holy water that has been left unattended in a church that no one visits anymore.,Một lọ thuốc làm từ nước thánh đã bị bỏ mặc trong một nhà thờ mà không ai đến thăm nữa.,Ramuan yang diperbuat daripada air suci yang telah ditinggalkan tanpa pengawasan di sebuah gereja yang tidak dilawati oleh siapa pun lagi.,Uma poção feita de água benta que foi deixada sem vigilância em uma igreja que ninguém mais visita.,Una poción hecha de agua bendita que se ha dejado desatendida en una iglesia que ya nadie visita.,
5000061,주변 액체를 용암으로 만드는 용암석이 들어있는 포션.,A potion containing lava rocks that turn the surrounding liquid into lava.,Một lọ thuốc chứa đá nham thạch biến chất lỏng xung quanh thành dung nham.,Ramuan yang mengandungi batu lava yang menukar cecair di sekelilingnya menjadi lava.,Uma poção contendo rochas de lava que transformam o líquido circundante em lava.,Una poción que contiene rocas de lava que convierten el líquido circundante en lava.,
5000062,엘프 마을에 출입이 허락된 자에게 지급되는 포션.,A potion given to those who are allowed to enter the elven village.,Một lọ thuốc được trao cho những người được phép vào làng elf.,Ramuan yang diberikan kepada mereka yang dibenarkan memasuki kampung bunian.,Uma poção dada àqueles que têm permissão para entrar na aldeia élfica.,Una poción que se da a aquellos a los que se les permite entrar en la aldea de los elfos.,
5000063,오랜시간 아름다움을 유지시켜주는 포션.,A potion that keeps you beautiful for a long time.,Một lọ thuốc giúp bạn đẹp trong một thời gian dài.,Ramuan yang membuatkan anda cantik untuk masa yang lama.,Uma poção que te mantém bonita por muito tempo.,Una poción que te mantiene bella durante mucho tiempo.,
5000064,어둠 속에서 사냥하는데 도움을 주는 포션.,A potion that helps you hunt in the dark.,Một lọ thuốc giúp bạn săn bắn trong bóng tối.,Ramuan yang membantu anda memburu dalam gelap.,Uma poção que ajuda você a caçar no escuro.,Una poción que te ayuda a cazar en la oscuridad.,
5000065,영유아용 장난감 포션.\n화려하지만 마셔도 안전하다.,"Toy potions for babies and toddlers.\nIt's gorgeous, but it's safe to drink.","Thuốc đồ chơi cho trẻ sơ sinh và trẻ mới biết đi. \ nNó tuyệt đẹp, nhưng nó an toàn để uống.","Ramuan mainan untuk bayi dan kanak-kanak.\nIa cantik, tetapi selamat untuk diminum.","Poções de brinquedo para bebês e crianças pequenas.\nÉ lindo, mas é seguro para beber.","Pociones de juguete para bebés y niños pequeños.\nEs precioso, pero es seguro beberlo.",
5000066,영유아용 장난감 포션.\n화려하지만 마셔도 안전하다.,"Toy potions for babies and toddlers.\nIt's gorgeous, but it's safe to drink.","Thuốc đồ chơi cho trẻ sơ sinh và trẻ mới biết đi. \ nNó tuyệt đẹp, nhưng nó an toàn để uống.","Ramuan mainan untuk bayi dan kanak-kanak.\nIa cantik, tetapi selamat untuk diminum.","Poções de brinquedo para bebês e crianças pequenas.\nÉ lindo, mas é seguro para beber.","Pociones de juguete para bebés y niños pequeños.\nEs precioso, pero es seguro beberlo.",
5000067,전기 속성을 올려주는 포션.,A potion that boosts electric properties.,Một lọ thuốc làm tăng tính chất điện.,Ramuan yang meningkatkan sifat elektrik.,Uma poção que aumenta as propriedades elétricas.,Una poción que potencia las propiedades eléctricas.,
5000068,넓은 바다를 건너기 전에 마시면 건강에 도움이 되는 포션.,A potion that can be drunk before crossing the open sea to provide health benefits.,Một lọ thuốc có thể được uống trước khi vượt biển khơi để mang lại lợi ích sức khỏe.,Ramuan yang boleh diminum sebelum menyeberangi laut terbuka untuk memberikan manfaat kesihatan.,Uma poção que pode ser bebida antes de cruzar o mar aberto para proporcionar benefícios à saúde.,Una pócima que se puede beber antes de cruzar mar abierto para proporcionar beneficios para la salud.,
5000069,고대 마법 글자가 담긴 포션.,A potion with ancient magic inscriptions.,Một lọ thuốc với những dòng chữ ma thuật cổ xưa.,Ramuan dengan inskripsi sihir kuno.,Uma poção com inscrições mágicas antigas.,Una poción con antiguas inscripciones mágicas.,
5000070,밤하늘의 별을 보고 방향을 찾기 위한 포션.,Potion for looking at the stars in the night sky and finding directions.,Potion để nhìn vào các ngôi sao trên bầu trời đêm và tìm hướng.,Ramuan untuk melihat bintang di langit malam dan mencari arah.,Poção para olhar as estrelas no céu noturno e encontrar direções.,Poción para mirar las estrellas en el cielo nocturno y encontrar direcciones.,
5000071,천사 가엘이 흘린 눈물을 담은 포션. 악한자가 마시면 선해진다.,"A potion containing the tears of the angel Gael.\nWhen the wicked drink, they become good.","Một lọ thuốc chứa nước mắt của thiên thần Gael. Khi kẻ ác uống, họ trở nên tốt lành.","Ramuan yang mengandungi air mata malaikat Gael. Apabila orang jahat minum, mereka menjadi baik.","Uma poção contendo as lágrimas do anjo Gael. Quando os ímpios bebem, eles se tornam bons.","Una poción que contiene las lágrimas del ángel Gael. Cuando los malvados beben, se vuelven buenos.",
5000072,냉기 속성을 올려주는 포션.,A potion that increases the Frost element.,Một lọ thuốc làm tăng yếu tố Frost.,Ramuan yang meningkatkan unsur Frost.,Uma poção que aumenta o elemento Frost.,Una poción que aumenta el elemento Escarcha.,
5000073,얼음 성을 만들 수 있을 정도로 냉기를 자유롭게 조종 가능하다.,You can freely control the cold to the extent that you can create an ice castle.,Bạn có thể tự do kiểm soát cái lạnh đến mức có thể tạo ra một lâu đài băng.,Anda boleh mengawal kesejukan secara bebas sehingga anda boleh membuat istana ais.,Você pode controlar livremente o frio na medida em que pode criar um castelo de gelo.,Puedes controlar libremente el frío hasta el punto de crear un castillo de hielo.,
5000074,서쪽 사막지대에 살고 있는 거대 사슴벌레로 만든 포션.,A potion made from giant stag beetles that live in the western desert.,Một lọ thuốc làm từ bọ cánh cứng khổng lồ sống ở sa mạc phía tây.,Ramuan yang diperbuat daripada kumbang rusa gergasi yang hidup di padang pasir barat.,Uma poção feita de besouros gigantes que vivem no deserto ocidental.,Una poción hecha de escarabajos ciervos gigantes que viven en el desierto occidental.,
5000075,"드워프들이 효율적인 광산 일을 하기 위해 마시는 포션. 체력이 좋아지고, 좋은 광석이 어딨는지 쉽게 찾을 수 있다.","A potion that dwarves drink to do efficient mining work.\nYour health will improve, and you will be able to easily find good ores.","Một lọ thuốc mà người lùn uống để làm công việc khai thác hiệu quả. Sức khỏe của bạn sẽ được cải thiện, và bạn sẽ có thể dễ dàng tìm thấy quặng tốt.","Ramuan yang diminum oleh kerdil untuk melakukan kerja perlombongan yang cekap. Kesihatan anda akan bertambah baik, dan anda akan dapat mencari bijih yang baik dengan mudah.",Uma poção que os anões bebem para fazer um trabalho de mineração eficiente. Sua saúde melhorará e você poderá encontrar facilmente bons minérios.,Una poción que beben los enanos para realizar un trabajo minero eficiente. Tu salud mejorará y podrás encontrar fácilmente buenos minerales.,
5000076,전기가 흐르는 웅덩이를 만들 수 있는 포션. 마시면 죽는다.,"A potion that can create a pool of electricity.\nIf you drink it, you die.","Một lọ thuốc có thể tạo ra một bể điện. Nếu bạn uống nó, bạn sẽ chết.","Ramuan yang boleh menghasilkan kolam elektrik. Jika anda meminumnya, anda mati.","Uma poção que pode criar uma poça de eletricidade. Se você beber, você morre.","Una poción que puede crear un charco de electricidad. Si lo bebes, te mueres.",
5000077,좋아하는 사람의 곁으로 순간이동 할 수 있다. 없다면 아무 일도 일어나지 않는다.,"You can teleport to the side of someone you like.\nIf not, nothing happens.","Bạn có thể dịch chuyển tức thời đến bên cạnh người bạn thích. Nếu không, không có gì xảy ra.","Anda boleh teleport ke sisi orang yang anda suka. Jika tidak, tiada apa yang berlaku.","Você pode se teletransportar para o lado da pessoa que você gosta. Se não, nada acontece.","Puedes teletransportarte al lado de la persona que te gusta. Si no, no pasa nada.",
5000078,하급 화염 드래곤의 피가 담긴 포션. 하급 드래곤의 피라도 굉장히 비싸다.,A potion containing the blood of a lesser fire dragon.\nEven the blood of a lesser dragon is very expensive.,Một lọ thuốc chứa máu của một con rồng lửa nhỏ hơn. Ngay cả máu của một con rồng nhỏ hơn cũng rất đắt.,Ramuan yang mengandungi darah naga api yang lebih rendah. Malah darah naga yang lebih rendah sangat mahal.,Uma poção contendo o sangue de um dragão de fogo menor. Até o sangue de um dragão menor é muito caro.,Una poción que contiene la sangre de un dragón de fuego menor. Incluso la sangre de un dragón menor es muy cara.,
5000079,"지금은 망한 어느 대부호의 과시용 포션. 특별한 능력은 없지만, 굉장히 좋아보인다.","A show-off potion of a now-ruined wealthy man.\nIt doesn't have any special abilities, but it looks really good.","Một lọ thuốc khoe khoang của một người đàn ông giàu có giờ đã bị hủy hoại. Nó không có bất kỳ khả năng đặc biệt nào, nhưng nó trông thực sự tốt.","Ramuan pamer seorang lelaki kaya yang kini musnah. Ia tidak mempunyai sebarang kebolehan istimewa, tetapi ia kelihatan sangat bagus.","Uma poção de exibição de um homem rico agora arruinado. Não tem nenhuma habilidade especial, mas parece muito bom.","Una poción de alarde de un hombre rico ahora arruinado. No tiene ninguna habilidad especial, pero se ve muy bien.",
5000080,화염 드래곤의 숨결을 담은 포션. 색상으로 봐서는 하급품이다.,"A potion containing the breath of the Flame Dragon.\nIn terms of color, it is inferior.","Một lọ thuốc chứa hơi thở của Rồng Lửa. Về màu sắc, nó kém hơn.","Ramuan yang mengandungi nafas Naga Api. Dari segi warna, ia lebih rendah.","Uma poção contendo o sopro do Dragão de Fogo. Em termos de cor, é inferior.","Una poción que contiene el aliento del Dragón de Llamas. En términos de color, es inferior.",
5000081,다 자라면 스스로 발화하는 화염초의 씨앗이 담긴 포션.,A potion containing the seeds of a fireweed that ignites itself when it matures.,Một lọ thuốc chứa hạt của một ngọn lửa tự bốc cháy khi nó trưởng thành.,Ramuan yang mengandungi biji rumpai api yang menyala sendiri apabila ia matang.,Uma poção contendo as sementes de uma erva-do-fogo que se inflama quando amadurece.,Una poción que contiene las semillas de una hierba de fuego que se enciende cuando madura.,
5000082,"만지면 화상을 입을 정도로 뜨겁지만, 절대로 끓지 않는 포션.","A potion that is hot enough to burn you to the touch, but never boils.","Một lọ thuốc đủ nóng để đốt cháy bạn khi chạm vào, nhưng không bao giờ sôi.","Ramuan yang cukup panas untuk membakar anda apabila disentuh, tetapi tidak pernah mendidih.","Uma poção que é quente o suficiente para queimá-lo ao toque, mas nunca ferve.","Una poción que es lo suficientemente caliente como para quemarte al tacto, pero nunca hierve.",
5000083,"만지면 동상을 입을 정도로 차갑지만, 절대로 얼지 않는 포션.","A potion that is cold enough to cause frostbite to the touch, but never freezes.","Một lọ thuốc đủ lạnh để gây tê cóng khi chạm vào, nhưng không bao giờ đóng băng.","Ramuan yang cukup sejuk untuk menyebabkan radang dingin apabila disentuh, tetapi tidak pernah membeku.","Uma poção que é fria o suficiente para causar queimaduras ao toque, mas nunca congela.","Una poción que es lo suficientemente fría como para causar congelación al tacto, pero nunca se congela.",
5000084,별빛을 담아두는 남쪽 호수를 담은 포션. 특별한 능력을 부여한다.,A potion of the southern lake that holds the starlight.\nGrants special abilities.,Một lọ thuốc của hồ phía nam chứa ánh sao. Cấp khả năng đặc biệt.,Ramuan tasik selatan yang memegang cahaya bintang. Memberikan kebolehan istimewa.,Uma poção do lago sul que contém a luz das estrelas. Concede habilidades especiais.,Una poción del lago del sur que contiene la luz de las estrellas. Otorga habilidades especiales.,
5000085,상급 뱀파이어의 피를 담은 포션.\n상당한 고급품이다.,A potion containing the blood of an advanced vampire.\nIt's quite a luxury item.,Một lọ thuốc chứa máu của một ma cà rồng cấp cao.\n Đây là một món đồ khá xa xỉ.,Ramuan yang mengandungi darah vampire berpangkat tinggi.\nIni adalah barang yang agak mewah.,Uma poção contendo o sangue de um vampiro de alto escalão.\nEste é um item de luxo.,Una poción que contiene la sangre de un vampiro de alto rango.\nEste es un artículo bastante lujoso.,
5000086,뱀파이어 로드의 피를 담은 포션.\n이 한 병으로 도시를 살 수 있다.,A potion containing the blood of the Vampire Lord.\nYou can buy a city with this one bottle.,Một lọ thuốc chứa máu của Chúa tể Ma cà rồng.\nBạn có thể mua một thành phố với một cái chai.,Ramuan yang mengandungi darah Tuan Vampire.\nAnda boleh membeli sebuah bandar dengan botol.,Uma poção contendo o sangue do Lorde Vampiro.\nVocê pode comprar uma cidade com uma garrafa.,Una poción que contiene la sangre del Señor de los Vampiros.\nPuedes comprar una ciudad con una botella.,
5000087,새콤한 맛이 나는 마룸 열매로 만든 포션.\n여성들에게 인기가 좋다.,A potion made from marrum berries with a sour taste.\nIt is popular with women.,Một lọ thuốc làm từ quả marum có vị chua.\nPhổ biến với phụ nữ.,Ramuan yang diperbuat daripada beri marum yang mempunyai rasa masam.\nPopular di kalangan wanita.,Uma poção feita de bagas de marum que tem um sabor azedo.\nPopular entre as mulheres.,Una poción hecha de bayas de marum que tiene un sabor agrio.\nPopular entre las mujeres.,
5000088,진한 단 맛이 나는 히소 열매로 만든 포션.\n여성들에게 인기가 좋다.,A potion made from Hiso berries with a rich sweet taste.\nIt is popular with women.,Một lọ thuốc làm từ quả Hiso với vị ngọt đậm đà.\nPhổ biến với phụ nữ.,Ramuan yang diperbuat daripada buah Hiso dengan rasa manis yang kaya.\nPopular di kalangan wanita.,Uma poção feita de bagas de Hiso com um sabor rico e doce.\nPopular entre as mulheres.,Una poción hecha de bayas de Hiso con un rico sabor dulce.\nPopular entre las mujeres.,
5000089,새콤달콤한 맛이 나는 플룸 열매로 만든 포션.\n남녀노소 인기가 좋다.,A potion made from plume berries that taste sweet and sour.\nIt is popular with young and old.,Một lọ thuốc làm từ quả mọng có vị chua ngọt.\nPhổ biến với mọi người ở mọi lứa tuổi.,Ramuan yang diperbuat daripada buah beri bulu yang rasanya manis dan masam.\nPopular di kalangan semua peringkat umur.,Uma poção feita de bagas de plumas que têm um sabor doce e azedo.\nPopular entre pessoas de todas as idades.,Una poción hecha de bayas de penacho que tienen un sabor agridulce.\nPopular entre personas de todas las edades.,
5000090,플룸 열매 포션과 색상이 비슷하지만 맹독 포션이다.,"It is similar in color to the Plume Fruit Potion, but it is a poisonous potion.","Nó có màu tương tự như Plume Fruit Potion, nhưng nó là một lọ thuốc độc.","Warnanya serupa dengan Ramuan Buah Plume, tetapi ia adalah ramuan beracun.","É semelhante em cor à Poção da Fruta da Pluma, mas é uma poção venenosa.","Es similar en color a la poción de frutas Plume, pero es una poción venenosa.",
5000091,톡톡 쏘는 단 맛이 일품인 라디아로 만든 포션.,"A potion made from radia, which has a tangy sweet taste.","Một lọ thuốc làm từ radia, có vị ngọt ngào.","Ramuan yang diperbuat daripada radia, yang mempunyai rasa manis yang masam.","Uma poção feita de radia, que tem um sabor doce e picante.","Una poción hecha de radia, que tiene un sabor dulce y ácido.",
5000092,정제된 물로 만들어진 탄산 포션이다.,It is a carbonated potion made from purified water.,Nó là một lọ thuốc có ga được làm từ nước tinh khiết.,Ia adalah ramuan berkarbonat yang diperbuat daripada air tulen.,É uma poção carbonatada feita de água purificada.,Es una poción carbonatada hecha de agua purificada.,
5000093,길드에서 마룸 열매와 탄산을 섞어 만든 포션.\n모험을 떠나기 전 챙겨두면 좋다.,A potion made from a mixture of marum berries and carbonic acid from the guild.\nIt's a good idea to take care of it before you go on an adventure.,Một lọ thuốc được làm từ hỗn hợp quả marum và axit carbonic từ guild. \ nĐó là một ý tưởng tốt để có nó trước khi bạn đi vào một cuộc phiêu lưu.,Ramuan yang diperbuat daripada campuran beri marum dan asid karbonik dari persatuan.\nAdalah idea yang baik untuk memilikinya sebelum anda melakukan pengembaraan.,Uma poção feita de uma mistura de bagas de marum e ácido carbônico da guilda.\nÉ uma boa ideia tomá-la antes de partir para uma aventura.,Una poción hecha de una mezcla de bayas de marum y ácido carbónico del gremio.\nEs una buena idea tomarla antes de emprender una aventura.,
5000094,길드에서 마룸 열매와 탄산을 섞어 만든 포션.\n모험을 떠나기 전 챙겨두면 좋다.,A potion made from a mixture of marum berries and carbonic acid from the guild.\nIt's a good idea to take care of it before you go on an adventure.,Một lọ thuốc được làm từ hỗn hợp quả marum và axit carbonic từ guild. \ nĐó là một ý tưởng tốt để có nó trước khi bạn đi vào một cuộc phiêu lưu.,Ramuan yang diperbuat daripada campuran beri marum dan asid karbonik dari persatuan.\nAdalah idea yang baik untuk memilikinya sebelum anda melakukan pengembaraan.,Uma poção feita de uma mistura de bagas de marum e ácido carbônico da guilda.\nÉ uma boa ideia tomá-la antes de partir para uma aventura.,Una poción hecha de una mezcla de bayas de marum y ácido carbónico del gremio.\nEs una buena idea tomarla antes de emprender una aventura.,
5000095,그리운 사람의 목소리를 들을 수 있는 목소리.\n생사여부는 관계 없다.,A voice that allows you to hear the voice of a person you miss.\nIt doesn't matter if you're alive or dead.,Một giọng nói cho phép bạn nghe thấy giọng nói của một người mà bạn nhớ. \ nKhông quan trọng bạn còn sống hay đã chết.,Suara yang membolehkan anda mendengar suara seseorang yang anda rindui.\nTidak kira sama ada anda masih hidup atau mati.,Uma voz que permite que você ouça a voz de alguém de quem sente falta.\nNão importa se você está vivo ou morto.,Una voz que te permite escuchar la voz de alguien a quien extrañas.\nNo importa si estás vivo o muerto.,
5000096,흰색을 만들기 위한 포션.,Potion to make white.,Thuốc để làm màu trắng.,Ramuan untuk membuat putih.,Poção para fazer branco.,Poción para hacer blanco.,
5000097,마시거나 뿌려두면 겨울동안 얼어 있는 포션.\n사랑하는 이를 기다리다 영원히 얼어버린 공주의 이름을 따왔다.,"If you drink it or sprinkle it, it will freeze during the winter.\nIt was named after a princess who froze forever while waiting for her beloved.","Một lọ thuốc, nếu uống hoặc rắc, sẽ đóng băng trong mùa đông. \ n Được đặt theo tên của một công chúa bị đóng băng mãi mãi trong khi chờ đợi người mình yêu.","Ramuan yang, jika diminum atau ditaburkan, akan membeku semasa musim sejuk.\nDinamakan sempena seorang puteri yang membeku selama-lamanya sambil menunggu kekasihnya.","Uma poção que, se bebida ou aspergida, congelará durante o inverno.\nNomeada após uma princesa que congelou para sempre enquanto esperava por seu amado.","Una poción que, si se bebe o se rocía, se congela durante el invierno.\nLleva el nombre de una princesa que se congeló para siempre mientras esperaba a su amado.",
5000098,마시면 밤에 몸이 투명해진다.\n다만 옷은 투명해지지 않으니 주의할 것.,"If you drink it, your body will become transparent at night.\nBe careful, though, that your clothes will not be transparent.","Nếu bạn uống nó, cơ thể bạn sẽ trở nên trong suốt vào ban đêm. Tuy nhiên, hãy cẩn thận rằng quần áo của bạn sẽ không trở nên trong suốt.","Jika anda meminumnya, badan anda akan menjadi telus pada waktu malam.\nWalau bagaimanapun, berhati-hati bahawa pakaian anda tidak akan menjadi telus.","Se você beber, seu corpo ficará transparente à noite.\nTenha cuidado, no entanto, para que suas roupas não fiquem transparentes.","Si lo bebes, tu cuerpo se volverá transparente por la noche.\nSin embargo, ten cuidado de que tu ropa no se vuelva transparente.",
5000099,주로 잉크의 원료로 사용되는 검정 포션.,A black potion that is mainly used as a raw material for ink.,Một lọ thuốc màu đen chủ yếu được sử dụng làm nguyên liệu cho mực.,Ramuan hitam yang digunakan terutamanya sebagai bahan mentah dakwat.,Uma poção preta que é usada principalmente como matéria-prima para tinta.,Una poción negra que se utiliza principalmente como materia prima para la tinta.,
5000100,남쪽 거대숲에서만 자라는 로하나 약초로 만든 포션.\n쓴 맛이 강하다.,A potion made from Rohana herbs that grow only in the southern giant forest.\nIt has a strong bitter taste.,Một lọ thuốc làm từ thảo mộc Rohana chỉ mọc ở khu rừng khổng lồ phía nam. \ nNó có vị đắng mạnh.,Ramuan yang diperbuat daripada ramuan Rohana yang hanya tumbuh di hutan gergasi selatan.\nIa mempunyai rasa pahit yang kuat.,Uma poção feita da erva Rohana que cresce apenas na floresta gigante do sul.\nTem um forte sabor amargo.,Una poción hecha de la hierba Rohana que crece solo en el bosque gigante del sur.\nTiene un fuerte sabor amargo.,
5000101,초록색을 만들기 위한 포션.,Potion to make green.,Thuốc để làm cho màu xanh lá cây.,Ramuan untuk membuat hijau.,Poção para fazer verde.,Poción para hacer verde.,
5000102,땅에 뿌리면 빠르게 무성한 숲이 자라나는 포션.\n동물이 마시면 나무가 되니 주의할 것.,"A potion that, when sprinkled on the ground, quickly grows a lush forest.\nIf an animal drinks it, it will become a tree, so be careful.","Một lọ thuốc nhanh chóng phát triển thành một khu rừng tươi tốt khi rắc trên mặt đất.\nNếu một con vật uống nó, nó sẽ trở thành một cái cây.","Ramuan yang cepat tumbuh menjadi hutan yang subur apabila ditaburkan di atas tanah.\nJika haiwan meminumnya, ia menjadi pokok.","Uma poção que rapidamente se transforma em uma floresta exuberante quando borrifada no chão.\nSe um animal bebe, ela se torna uma árvore.","Una poción que rápidamente se convierte en un bosque frondoso cuando se rocía en el suelo.\nSi un animal la bebe, se convierte en un árbol.",
